# --- !Ups
INSERT INTO iq_unit_mstr (iq_unit_mstr_id,unit_name,description,nof_chairs,nof_beds,appt_start_time,nof_appt_start_with_in_hour,nof_appt_discharge_with_in_hour,owner,created_by,modified_by,created_datetime,modified_datetime,version,parent_id,show_on_ui,iq_version,cloned_from) VALUES ('2c9180885015fd7f0150366ba849001a','UC Health','',26,8,null,0,0,'','uchealth-user','uchealth-user',{ts '2015-10-04 22:13:57'},{ts '2015-11-18 14:29:22'},10,null,true,0,null);
INSERT INTO iq_unit_mstr (iq_unit_mstr_id,unit_name,description,nof_chairs,nof_beds,appt_start_time,nof_appt_start_with_in_hour,nof_appt_discharge_with_in_hour,owner,created_by,modified_by,created_datetime,modified_datetime,version,parent_id,show_on_ui,iq_version,cloned_from) VALUES ('2c91809150827756015089a1fb6a1f9f','UC Health1','test',12,11,null,0,0,'test','uchealth-user','uchealth-user',{ts '2015-10-21 02:01:46'},{ts '2015-11-19 03:19:09'},2,null,true,0,null);
INSERT INTO iq_unit_mstr (iq_unit_mstr_id,unit_name,description,nof_chairs,nof_beds,appt_start_time,nof_appt_start_with_in_hour,nof_appt_discharge_with_in_hour,owner,created_by,modified_by,created_datetime,modified_datetime,version,parent_id,show_on_ui,iq_version,cloned_from) VALUES ('2c91809c50c6caea0150c799aebc039f','uc data','test',10,20,null,0,0,'test','uchealth-user','uchealth-user',{ts '2015-11-02 01:49:09'},{ts '2015-11-02 01:49:24'},1,null,true,0,null);
INSERT INTO iq_unit_mstr (iq_unit_mstr_id,unit_name,description,nof_chairs,nof_beds,appt_start_time,nof_appt_start_with_in_hour,nof_appt_discharge_with_in_hour,owner,created_by,modified_by,created_datetime,modified_datetime,version,parent_id,show_on_ui,iq_version,cloned_from) VALUES ('2c9180b35139ee9901513c5f2b5e0015','Testing Unit','',0,0,null,0,0,'','uchealth-user','uchealth-user',{ts '2015-11-24 18:00:49'},{ts '2015-11-24 18:00:49'},0,null,true,0,null);
INSERT INTO iq_unit_mstr (iq_unit_mstr_id,unit_name,description,nof_chairs,nof_beds,appt_start_time,nof_appt_start_with_in_hour,nof_appt_discharge_with_in_hour,owner,created_by,modified_by,created_datetime,modified_datetime,version,parent_id,show_on_ui,iq_version,cloned_from) VALUES ('2c9180b35139ee9901513c83193d0024','Test Unit 2','',34,40,null,0,0,'John Doe','uchealth-user','uchealth-user',{ts '2015-11-24 18:40:03'},{ts '2015-11-24 18:40:03'},0,null,true,0,null);
INSERT INTO iq_unit_mstr (iq_unit_mstr_id,unit_name,description,nof_chairs,nof_beds,appt_start_time,nof_appt_start_with_in_hour,nof_appt_discharge_with_in_hour,owner,created_by,modified_by,created_datetime,modified_datetime,version,parent_id,show_on_ui,iq_version,cloned_from) VALUES ('2c9180b35139ee9901513e073a0a004d','Test Unit','',30,30,null,0,0,'John Doe','uchealth-user','uchealth-user',{ts '2015-11-25 01:44:00'},{ts '2015-11-25 01:44:00'},0,null,true,0,null);
INSERT INTO iq_unit_mstr (iq_unit_mstr_id,unit_name,description,nof_chairs,nof_beds,appt_start_time,nof_appt_start_with_in_hour,nof_appt_discharge_with_in_hour,owner,created_by,modified_by,created_datetime,modified_datetime,version,parent_id,show_on_ui,iq_version,cloned_from) VALUES ('2c9180b8513f3c7401513f599aa10000','unit 1 demo','',2,2,null,0,0,'','uchealth-user','uchealth-user',{ts '2015-11-25 07:53:36'},{ts '2015-11-25 07:53:50'},2,null,true,0,null);
INSERT INTO iq_unit_mstr (iq_unit_mstr_id,unit_name,description,nof_chairs,nof_beds,appt_start_time,nof_appt_start_with_in_hour,nof_appt_discharge_with_in_hour,owner,created_by,modified_by,created_datetime,modified_datetime,version,parent_id,show_on_ui,iq_version,cloned_from) VALUES ('2c9180b8513f3c74015140a51fee000f','Wednesday Unit','',null,null,null,0,0,'','uchealth-user','uchealth-user',{ts '2015-11-25 13:55:42'},{ts '2015-11-25 13:55:42'},0,null,true,0,null);
INSERT INTO iq_unit_mstr (iq_unit_mstr_id,unit_name,description,nof_chairs,nof_beds,appt_start_time,nof_appt_start_with_in_hour,nof_appt_discharge_with_in_hour,owner,created_by,modified_by,created_datetime,modified_datetime,version,parent_id,show_on_ui,iq_version,cloned_from) VALUES ('2c9180b8513f3c74015140a9de86003c','Wednesday 2','',null,null,null,0,0,'','uchealth-user','uchealth-user',{ts '2015-11-25 14:00:53'},{ts '2015-11-25 14:00:53'},0,null,true,0,null);
INSERT INTO iq_unit_mstr (iq_unit_mstr_id,unit_name,description,nof_chairs,nof_beds,appt_start_time,nof_appt_start_with_in_hour,nof_appt_discharge_with_in_hour,owner,created_by,modified_by,created_datetime,modified_datetime,version,parent_id,show_on_ui,iq_version,cloned_from) VALUES ('2c9180b8513f3c740151421dba34005a','PAMF Palo Alto','PAMF Palo Alto',30,10,null,0,0,'Chandra Kalle','uchealth-user','uchealth-user',{ts '2015-11-25 20:47:03'},{ts '2015-11-25 20:47:39'},5,null,true,0,null);
INSERT INTO iq_unit_mstr (iq_unit_mstr_id,unit_name,description,nof_chairs,nof_beds,appt_start_time,nof_appt_start_with_in_hour,nof_appt_discharge_with_in_hour,owner,created_by,modified_by,created_datetime,modified_datetime,version,parent_id,show_on_ui,iq_version,cloned_from) VALUES ('2c9180b8513f3c7401514249d9b00087','Unit1','',null,null,null,0,0,'','uchealth-user','uchealth-user',{ts '2015-11-25 21:35:15'},{ts '2015-11-25 21:35:15'},0,null,true,0,null);
INSERT INTO iq_unit_mstr (iq_unit_mstr_id,unit_name,description,nof_chairs,nof_beds,appt_start_time,nof_appt_start_with_in_hour,nof_appt_discharge_with_in_hour,owner,created_by,modified_by,created_datetime,modified_datetime,version,parent_id,show_on_ui,iq_version,cloned_from) VALUES ('2c9180b9514468a0015144c9a6b60001','test1','',null,null,null,0,0,'','uchealth-user','uchealth-user',{ts '2015-11-26 09:14:05'},{ts '2015-11-26 09:14:09'},1,null,true,0,null);
INSERT INTO iq_unit_mstr (iq_unit_mstr_id,unit_name,description,nof_chairs,nof_beds,appt_start_time,nof_appt_start_with_in_hour,nof_appt_discharge_with_in_hour,owner,created_by,modified_by,created_datetime,modified_datetime,version,parent_id,show_on_ui,iq_version,cloned_from) VALUES ('2c9180b9514468a001514739e0b00011','Washington Hospital Cancer Center','',null,null,null,0,0,'Chandra Kalle','uchealth-user','uchealth-user',{ts '2015-11-26 20:35:54'},{ts '2015-11-26 20:35:57'},1,null,true,0,null);
INSERT INTO iq_unit_mstr (iq_unit_mstr_id,unit_name,description,nof_chairs,nof_beds,appt_start_time,nof_appt_start_with_in_hour,nof_appt_discharge_with_in_hour,owner,created_by,modified_by,created_datetime,modified_datetime,version,parent_id,show_on_ui,iq_version,cloned_from) VALUES ('2c9180b9514468a00151485906260090','vfgdf','',null,null,null,0,0,'','uchealth-user','uchealth-user',{ts '2015-11-27 01:49:33'},{ts '2015-11-27 01:49:33'},0,null,true,0,null);
INSERT INTO iq_unit_mstr (iq_unit_mstr_id,unit_name,description,nof_chairs,nof_beds,appt_start_time,nof_appt_start_with_in_hour,nof_appt_discharge_with_in_hour,owner,created_by,modified_by,created_datetime,modified_datetime,version,parent_id,show_on_ui,iq_version,cloned_from) VALUES ('2c9180bd51491b300151491fc7630010','sample 123456789','',12,12,null,0,0,'','uchealth-user','uchealth-user',{ts '2015-11-27 05:26:38'},{ts '2015-11-27 05:26:40'},2,null,true,0,null);


INSERT INTO iq_unit_hrs_of_operation (iq_unit_hrs_of_operation_id,iq_unit_mstr_id,day,from_time,until_time,last_appt_time,created_by,modified_by,created_datetime,modified_datetime,version) VALUES ('2c9180885015fd7f015039c9faf1002f','2c9180885015fd7f0150366ba849001a','MONDAY',{t '07:30:00'},{t '19:00:00'},{t '16:00:00'},'uchealth-user','uchealth-user',{ts '2015-10-05 13:55:50'},{ts '2015-10-05 13:55:50'},0);
INSERT INTO iq_unit_hrs_of_operation (iq_unit_hrs_of_operation_id,iq_unit_mstr_id,day,from_time,until_time,last_appt_time,created_by,modified_by,created_datetime,modified_datetime,version) VALUES ('2c9180885015fd7f015039ca0f010030','2c9180885015fd7f0150366ba849001a','TUESDAY',{t '07:30:00'},{t '19:00:00'},{t '16:00:00'},'uchealth-user','uchealth-user',{ts '2015-10-05 13:55:55'},{ts '2015-10-05 13:55:55'},0);
INSERT INTO iq_unit_hrs_of_operation (iq_unit_hrs_of_operation_id,iq_unit_mstr_id,day,from_time,until_time,last_appt_time,created_by,modified_by,created_datetime,modified_datetime,version) VALUES ('2c9180885015fd7f015039ca21a00031','2c9180885015fd7f0150366ba849001a','WEDNESDAY',{t '07:30:00'},{t '19:00:00'},{t '16:00:00'},'uchealth-user','uchealth-user',{ts '2015-10-05 13:56:00'},{ts '2015-10-05 13:56:00'},0);
INSERT INTO iq_unit_hrs_of_operation (iq_unit_hrs_of_operation_id,iq_unit_mstr_id,day,from_time,until_time,last_appt_time,created_by,modified_by,created_datetime,modified_datetime,version) VALUES ('2c9180885015fd7f015039ca35cf0032','2c9180885015fd7f0150366ba849001a','THURSDAY',{t '07:30:00'},{t '19:00:00'},{t '16:00:00'},'uchealth-user','uchealth-user',{ts '2015-10-05 13:56:05'},{ts '2015-10-05 13:56:05'},0);
INSERT INTO iq_unit_hrs_of_operation (iq_unit_hrs_of_operation_id,iq_unit_mstr_id,day,from_time,until_time,last_appt_time,created_by,modified_by,created_datetime,modified_datetime,version) VALUES ('2c9180885015fd7f015039ca4b140033','2c9180885015fd7f0150366ba849001a','FRIDAY',{t '07:30:00'},{t '19:00:00'},{t '16:00:00'},'uchealth-user','uchealth-user',{ts '2015-10-05 13:56:10'},{ts '2015-10-05 13:56:10'},0);
INSERT INTO iq_unit_hrs_of_operation (iq_unit_hrs_of_operation_id,iq_unit_mstr_id,day,from_time,until_time,last_appt_time,created_by,modified_by,created_datetime,modified_datetime,version) VALUES ('2c91808a503eab8301503f66f7610302','2c9180885015fd7f0150366ba849001a','SUNDAY',{t '08:00:00'},{t '16:00:00'},{t '14:30:00'},'uchealth-user','uchealth-user',{ts '2015-10-06 16:05:24'},{ts '2015-10-06 16:05:24'},0);
INSERT INTO iq_unit_hrs_of_operation (iq_unit_hrs_of_operation_id,iq_unit_mstr_id,day,from_time,until_time,last_appt_time,created_by,modified_by,created_datetime,modified_datetime,version) VALUES ('2c91808a503eab8301503f671e9b0303','2c9180885015fd7f0150366ba849001a','SATURDAY',{t '08:00:00'},{t '16:00:00'},{t '14:30:00'},'uchealth-user','uchealth-user',{ts '2015-10-06 16:05:34'},{ts '2015-10-06 16:05:34'},0);
INSERT INTO iq_unit_hrs_of_operation (iq_unit_hrs_of_operation_id,iq_unit_mstr_id,day,from_time,until_time,last_appt_time,created_by,modified_by,created_datetime,modified_datetime,version) VALUES ('2c91809150827756015089a2801b1fa0','2c91809150827756015089a1fb6a1f9f','SUNDAY',{t '09:00:00'},{t '18:00:00'},{t '18:00:00'},'uchealth-user','uchealth-user',{ts '2015-10-21 02:02:20'},{ts '2015-10-21 02:02:20'},0);
INSERT INTO iq_unit_hrs_of_operation (iq_unit_hrs_of_operation_id,iq_unit_mstr_id,day,from_time,until_time,last_appt_time,created_by,modified_by,created_datetime,modified_datetime,version) VALUES ('2c91809150827756015089a2801b1fa1','2c91809150827756015089a1fb6a1f9f','MONDAY',{t '09:00:00'},{t '18:00:00'},{t '18:00:00'},'uchealth-user','uchealth-user',{ts '2015-10-21 02:02:20'},{ts '2015-10-21 02:02:20'},0);
INSERT INTO iq_unit_hrs_of_operation (iq_unit_hrs_of_operation_id,iq_unit_mstr_id,day,from_time,until_time,last_appt_time,created_by,modified_by,created_datetime,modified_datetime,version) VALUES ('2c91809150827756015089a2801b1fa2','2c91809150827756015089a1fb6a1f9f','TUESDAY',{t '09:00:00'},{t '18:00:00'},{t '18:00:00'},'uchealth-user','uchealth-user',{ts '2015-10-21 02:02:20'},{ts '2015-10-21 02:02:20'},0);
INSERT INTO iq_unit_hrs_of_operation (iq_unit_hrs_of_operation_id,iq_unit_mstr_id,day,from_time,until_time,last_appt_time,created_by,modified_by,created_datetime,modified_datetime,version) VALUES ('2c91809150827756015089a2801b1fa3','2c91809150827756015089a1fb6a1f9f','WEDNESDAY',{t '09:00:00'},{t '18:00:00'},{t '18:00:00'},'uchealth-user','uchealth-user',{ts '2015-10-21 02:02:20'},{ts '2015-10-21 02:02:20'},0);
INSERT INTO iq_unit_hrs_of_operation (iq_unit_hrs_of_operation_id,iq_unit_mstr_id,day,from_time,until_time,last_appt_time,created_by,modified_by,created_datetime,modified_datetime,version) VALUES ('2c91809150827756015089a2801b1fa4','2c91809150827756015089a1fb6a1f9f','THURSDAY',{t '09:00:00'},{t '18:00:00'},{t '18:00:00'},'uchealth-user','uchealth-user',{ts '2015-10-21 02:02:20'},{ts '2015-10-21 02:02:20'},0);
INSERT INTO iq_unit_hrs_of_operation (iq_unit_hrs_of_operation_id,iq_unit_mstr_id,day,from_time,until_time,last_appt_time,created_by,modified_by,created_datetime,modified_datetime,version) VALUES ('2c91809150827756015089a2801b1fa5','2c91809150827756015089a1fb6a1f9f','FRIDAY',{t '09:00:00'},{t '18:00:00'},{t '18:00:00'},'uchealth-user','uchealth-user',{ts '2015-10-21 02:02:20'},{ts '2015-10-21 02:02:20'},0);
INSERT INTO iq_unit_hrs_of_operation (iq_unit_hrs_of_operation_id,iq_unit_mstr_id,day,from_time,until_time,last_appt_time,created_by,modified_by,created_datetime,modified_datetime,version) VALUES ('2c91809150827756015089a2801b1fa6','2c91809150827756015089a1fb6a1f9f','SATURDAY',{t '09:00:00'},{t '18:00:00'},{t '18:00:00'},'uchealth-user','uchealth-user',{ts '2015-10-21 02:02:20'},{ts '2015-10-21 02:02:20'},0);
INSERT INTO iq_unit_hrs_of_operation (iq_unit_hrs_of_operation_id,iq_unit_mstr_id,day,from_time,until_time,last_appt_time,created_by,modified_by,created_datetime,modified_datetime,version) VALUES ('2c91809c50c6caea0150c79a371d03a0','2c91809c50c6caea0150c799aebc039f','SUNDAY',{t '09:00:00'},{t '18:00:00'},{t '18:00:00'},'uchealth-user','uchealth-user',{ts '2015-11-02 01:49:44'},{ts '2015-11-02 01:49:44'},0);
INSERT INTO iq_unit_hrs_of_operation (iq_unit_hrs_of_operation_id,iq_unit_mstr_id,day,from_time,until_time,last_appt_time,created_by,modified_by,created_datetime,modified_datetime,version) VALUES ('2c91809c50c6caea0150c79a371d03a1','2c91809c50c6caea0150c799aebc039f','MONDAY',{t '09:00:00'},{t '18:00:00'},{t '18:00:00'},'uchealth-user','uchealth-user',{ts '2015-11-02 01:49:44'},{ts '2015-11-02 01:49:44'},0);
INSERT INTO iq_unit_hrs_of_operation (iq_unit_hrs_of_operation_id,iq_unit_mstr_id,day,from_time,until_time,last_appt_time,created_by,modified_by,created_datetime,modified_datetime,version) VALUES ('2c91809c50c6caea0150c79a371d03a2','2c91809c50c6caea0150c799aebc039f','TUESDAY',{t '09:00:00'},{t '18:00:00'},{t '18:00:00'},'uchealth-user','uchealth-user',{ts '2015-11-02 01:49:44'},{ts '2015-11-02 01:49:44'},0);
INSERT INTO iq_unit_hrs_of_operation (iq_unit_hrs_of_operation_id,iq_unit_mstr_id,day,from_time,until_time,last_appt_time,created_by,modified_by,created_datetime,modified_datetime,version) VALUES ('2c91809c50c6caea0150c79a371e03a3','2c91809c50c6caea0150c799aebc039f','WEDNESDAY',{t '09:00:00'},{t '18:00:00'},{t '18:00:00'},'uchealth-user','uchealth-user',{ts '2015-11-02 01:49:44'},{ts '2015-11-02 01:49:44'},0);
INSERT INTO iq_unit_hrs_of_operation (iq_unit_hrs_of_operation_id,iq_unit_mstr_id,day,from_time,until_time,last_appt_time,created_by,modified_by,created_datetime,modified_datetime,version) VALUES ('2c91809c50c6caea0150c79a371e03a4','2c91809c50c6caea0150c799aebc039f','THURSDAY',{t '09:00:00'},{t '18:00:00'},{t '18:00:00'},'uchealth-user','uchealth-user',{ts '2015-11-02 01:49:44'},{ts '2015-11-02 01:49:44'},0);
INSERT INTO iq_unit_hrs_of_operation (iq_unit_hrs_of_operation_id,iq_unit_mstr_id,day,from_time,until_time,last_appt_time,created_by,modified_by,created_datetime,modified_datetime,version) VALUES ('2c91809c50c6caea0150c79a371e03a5','2c91809c50c6caea0150c799aebc039f','FRIDAY',{t '09:00:00'},{t '18:00:00'},{t '18:00:00'},'uchealth-user','uchealth-user',{ts '2015-11-02 01:49:44'},{ts '2015-11-02 01:49:44'},0);
INSERT INTO iq_unit_hrs_of_operation (iq_unit_hrs_of_operation_id,iq_unit_mstr_id,day,from_time,until_time,last_appt_time,created_by,modified_by,created_datetime,modified_datetime,version) VALUES ('2c91809c50c6caea0150c79a371e03a6','2c91809c50c6caea0150c799aebc039f','SATURDAY',{t '09:00:00'},{t '18:00:00'},{t '18:00:00'},'uchealth-user','uchealth-user',{ts '2015-11-02 01:49:44'},{ts '2015-11-02 01:49:44'},0);
INSERT INTO iq_unit_hrs_of_operation (iq_unit_hrs_of_operation_id,iq_unit_mstr_id,day,from_time,until_time,last_appt_time,created_by,modified_by,created_datetime,modified_datetime,version) VALUES ('2c9180b35139ee9901513c5f2b5f0016','2c9180b35139ee9901513c5f2b5e0015','SUNDAY',{t '09:00:00'},{t '17:00:00'},{t '09:00:00'},'uchealth-user','uchealth-user',{ts '2015-11-24 18:00:49'},{ts '2015-11-24 18:00:49'},0);
INSERT INTO iq_unit_hrs_of_operation (iq_unit_hrs_of_operation_id,iq_unit_mstr_id,day,from_time,until_time,last_appt_time,created_by,modified_by,created_datetime,modified_datetime,version) VALUES ('2c9180b35139ee9901513c5f2b5f0017','2c9180b35139ee9901513c5f2b5e0015','THURSDAY',{t '09:00:00'},{t '17:00:00'},{t '09:00:00'},'uchealth-user','uchealth-user',{ts '2015-11-24 18:00:49'},{ts '2015-11-24 18:00:49'},0);
INSERT INTO iq_unit_hrs_of_operation (iq_unit_hrs_of_operation_id,iq_unit_mstr_id,day,from_time,until_time,last_appt_time,created_by,modified_by,created_datetime,modified_datetime,version) VALUES ('2c9180b35139ee9901513c5f2b600018','2c9180b35139ee9901513c5f2b5e0015','WEDNESDAY',{t '09:00:00'},{t '17:00:00'},{t '09:00:00'},'uchealth-user','uchealth-user',{ts '2015-11-24 18:00:49'},{ts '2015-11-24 18:00:49'},0);
INSERT INTO iq_unit_hrs_of_operation (iq_unit_hrs_of_operation_id,iq_unit_mstr_id,day,from_time,until_time,last_appt_time,created_by,modified_by,created_datetime,modified_datetime,version) VALUES ('2c9180b35139ee9901513c5f2b600019','2c9180b35139ee9901513c5f2b5e0015','MONDAY',{t '09:00:00'},{t '17:00:00'},{t '09:00:00'},'uchealth-user','uchealth-user',{ts '2015-11-24 18:00:49'},{ts '2015-11-24 18:00:49'},0);
INSERT INTO iq_unit_hrs_of_operation (iq_unit_hrs_of_operation_id,iq_unit_mstr_id,day,from_time,until_time,last_appt_time,created_by,modified_by,created_datetime,modified_datetime,version) VALUES ('2c9180b35139ee9901513c5f2b60001a','2c9180b35139ee9901513c5f2b5e0015','SATURDAY',{t '09:00:00'},{t '17:00:00'},{t '09:00:00'},'uchealth-user','uchealth-user',{ts '2015-11-24 18:00:49'},{ts '2015-11-24 18:00:49'},0);
INSERT INTO iq_unit_hrs_of_operation (iq_unit_hrs_of_operation_id,iq_unit_mstr_id,day,from_time,until_time,last_appt_time,created_by,modified_by,created_datetime,modified_datetime,version) VALUES ('2c9180b35139ee9901513c5f2b60001b','2c9180b35139ee9901513c5f2b5e0015','TUESDAY',{t '09:00:00'},{t '17:00:00'},{t '09:00:00'},'uchealth-user','uchealth-user',{ts '2015-11-24 18:00:49'},{ts '2015-11-24 18:00:49'},0);
INSERT INTO iq_unit_hrs_of_operation (iq_unit_hrs_of_operation_id,iq_unit_mstr_id,day,from_time,until_time,last_appt_time,created_by,modified_by,created_datetime,modified_datetime,version) VALUES ('2c9180b35139ee9901513c5f2b60001c','2c9180b35139ee9901513c5f2b5e0015','FRIDAY',{t '09:00:00'},{t '17:00:00'},{t '09:00:00'},'uchealth-user','uchealth-user',{ts '2015-11-24 18:00:49'},{ts '2015-11-24 18:00:49'},0);
INSERT INTO iq_unit_hrs_of_operation (iq_unit_hrs_of_operation_id,iq_unit_mstr_id,day,from_time,until_time,last_appt_time,created_by,modified_by,created_datetime,modified_datetime,version) VALUES ('2c9180b35139ee9901513c83193e0025','2c9180b35139ee9901513c83193d0024','FRIDAY',{t '09:00:00'},{t '17:00:00'},{t '09:00:00'},'uchealth-user','uchealth-user',{ts '2015-11-24 18:40:03'},{ts '2015-11-24 18:40:03'},0);
INSERT INTO iq_unit_hrs_of_operation (iq_unit_hrs_of_operation_id,iq_unit_mstr_id,day,from_time,until_time,last_appt_time,created_by,modified_by,created_datetime,modified_datetime,version) VALUES ('2c9180b35139ee9901513c83193e0026','2c9180b35139ee9901513c83193d0024','THURSDAY',{t '09:00:00'},{t '17:00:00'},{t '09:00:00'},'uchealth-user','uchealth-user',{ts '2015-11-24 18:40:03'},{ts '2015-11-24 18:40:03'},0);
INSERT INTO iq_unit_hrs_of_operation (iq_unit_hrs_of_operation_id,iq_unit_mstr_id,day,from_time,until_time,last_appt_time,created_by,modified_by,created_datetime,modified_datetime,version) VALUES ('2c9180b35139ee9901513c83193f0027','2c9180b35139ee9901513c83193d0024','MONDAY',{t '09:00:00'},{t '17:00:00'},{t '09:00:00'},'uchealth-user','uchealth-user',{ts '2015-11-24 18:40:03'},{ts '2015-11-24 18:40:03'},0);
INSERT INTO iq_unit_hrs_of_operation (iq_unit_hrs_of_operation_id,iq_unit_mstr_id,day,from_time,until_time,last_appt_time,created_by,modified_by,created_datetime,modified_datetime,version) VALUES ('2c9180b35139ee9901513c83193f0028','2c9180b35139ee9901513c83193d0024','SUNDAY',{t '09:00:00'},{t '17:00:00'},{t '09:00:00'},'uchealth-user','uchealth-user',{ts '2015-11-24 18:40:03'},{ts '2015-11-24 18:40:03'},0);
INSERT INTO iq_unit_hrs_of_operation (iq_unit_hrs_of_operation_id,iq_unit_mstr_id,day,from_time,until_time,last_appt_time,created_by,modified_by,created_datetime,modified_datetime,version) VALUES ('2c9180b35139ee9901513c83193f0029','2c9180b35139ee9901513c83193d0024','WEDNESDAY',{t '09:00:00'},{t '17:00:00'},{t '09:00:00'},'uchealth-user','uchealth-user',{ts '2015-11-24 18:40:03'},{ts '2015-11-24 18:40:03'},0);
INSERT INTO iq_unit_hrs_of_operation (iq_unit_hrs_of_operation_id,iq_unit_mstr_id,day,from_time,until_time,last_appt_time,created_by,modified_by,created_datetime,modified_datetime,version) VALUES ('2c9180b35139ee9901513c83193f002a','2c9180b35139ee9901513c83193d0024','TUESDAY',{t '09:00:00'},{t '17:00:00'},{t '09:00:00'},'uchealth-user','uchealth-user',{ts '2015-11-24 18:40:03'},{ts '2015-11-24 18:40:03'},0);
INSERT INTO iq_unit_hrs_of_operation (iq_unit_hrs_of_operation_id,iq_unit_mstr_id,day,from_time,until_time,last_appt_time,created_by,modified_by,created_datetime,modified_datetime,version) VALUES ('2c9180b35139ee9901513c83193f002b','2c9180b35139ee9901513c83193d0024','SATURDAY',{t '09:00:00'},{t '17:00:00'},{t '09:00:00'},'uchealth-user','uchealth-user',{ts '2015-11-24 18:40:03'},{ts '2015-11-24 18:40:03'},0);
INSERT INTO iq_unit_hrs_of_operation (iq_unit_hrs_of_operation_id,iq_unit_mstr_id,day,from_time,until_time,last_appt_time,created_by,modified_by,created_datetime,modified_datetime,version) VALUES ('2c9180b35139ee9901513e073a0c004e','2c9180b35139ee9901513e073a0a004d','SUNDAY',{t '09:00:00'},{t '17:00:00'},{t '09:00:00'},'uchealth-user','uchealth-user',{ts '2015-11-25 01:44:00'},{ts '2015-11-25 01:44:00'},0);
INSERT INTO iq_unit_hrs_of_operation (iq_unit_hrs_of_operation_id,iq_unit_mstr_id,day,from_time,until_time,last_appt_time,created_by,modified_by,created_datetime,modified_datetime,version) VALUES ('2c9180b35139ee9901513e073a0c004f','2c9180b35139ee9901513e073a0a004d','WEDNESDAY',{t '09:00:00'},{t '17:00:00'},{t '09:00:00'},'uchealth-user','uchealth-user',{ts '2015-11-25 01:44:00'},{ts '2015-11-25 01:44:00'},0);
INSERT INTO iq_unit_hrs_of_operation (iq_unit_hrs_of_operation_id,iq_unit_mstr_id,day,from_time,until_time,last_appt_time,created_by,modified_by,created_datetime,modified_datetime,version) VALUES ('2c9180b35139ee9901513e073a0c0050','2c9180b35139ee9901513e073a0a004d','FRIDAY',{t '09:00:00'},{t '17:00:00'},{t '09:00:00'},'uchealth-user','uchealth-user',{ts '2015-11-25 01:44:00'},{ts '2015-11-25 01:44:00'},0);
INSERT INTO iq_unit_hrs_of_operation (iq_unit_hrs_of_operation_id,iq_unit_mstr_id,day,from_time,until_time,last_appt_time,created_by,modified_by,created_datetime,modified_datetime,version) VALUES ('2c9180b35139ee9901513e073a0c0051','2c9180b35139ee9901513e073a0a004d','SATURDAY',{t '09:00:00'},{t '17:00:00'},{t '09:00:00'},'uchealth-user','uchealth-user',{ts '2015-11-25 01:44:00'},{ts '2015-11-25 01:44:00'},0);
INSERT INTO iq_unit_hrs_of_operation (iq_unit_hrs_of_operation_id,iq_unit_mstr_id,day,from_time,until_time,last_appt_time,created_by,modified_by,created_datetime,modified_datetime,version) VALUES ('2c9180b35139ee9901513e073a0c0052','2c9180b35139ee9901513e073a0a004d','MONDAY',{t '09:00:00'},{t '17:00:00'},{t '09:00:00'},'uchealth-user','uchealth-user',{ts '2015-11-25 01:44:00'},{ts '2015-11-25 01:44:00'},0);
INSERT INTO iq_unit_hrs_of_operation (iq_unit_hrs_of_operation_id,iq_unit_mstr_id,day,from_time,until_time,last_appt_time,created_by,modified_by,created_datetime,modified_datetime,version) VALUES ('2c9180b35139ee9901513e073a0c0053','2c9180b35139ee9901513e073a0a004d','TUESDAY',{t '09:00:00'},{t '17:00:00'},{t '09:00:00'},'uchealth-user','uchealth-user',{ts '2015-11-25 01:44:00'},{ts '2015-11-25 01:44:00'},0);
INSERT INTO iq_unit_hrs_of_operation (iq_unit_hrs_of_operation_id,iq_unit_mstr_id,day,from_time,until_time,last_appt_time,created_by,modified_by,created_datetime,modified_datetime,version) VALUES ('2c9180b35139ee9901513e073a0c0054','2c9180b35139ee9901513e073a0a004d','THURSDAY',{t '09:00:00'},{t '17:00:00'},{t '09:00:00'},'uchealth-user','uchealth-user',{ts '2015-11-25 01:44:00'},{ts '2015-11-25 01:44:00'},0);
INSERT INTO iq_unit_hrs_of_operation (iq_unit_hrs_of_operation_id,iq_unit_mstr_id,day,from_time,until_time,last_appt_time,created_by,modified_by,created_datetime,modified_datetime,version) VALUES ('2c9180b8513f3c7401513f599aa80001','2c9180b8513f3c7401513f599aa10000','MONDAY',{t '09:00:00'},{t '17:00:00'},{t '09:00:00'},'uchealth-user','uchealth-user',{ts '2015-11-25 07:53:36'},{ts '2015-11-25 07:53:36'},0);
INSERT INTO iq_unit_hrs_of_operation (iq_unit_hrs_of_operation_id,iq_unit_mstr_id,day,from_time,until_time,last_appt_time,created_by,modified_by,created_datetime,modified_datetime,version) VALUES ('2c9180b8513f3c7401513f599aa80002','2c9180b8513f3c7401513f599aa10000','SUNDAY',{t '09:00:00'},{t '17:00:00'},{t '09:00:00'},'uchealth-user','uchealth-user',{ts '2015-11-25 07:53:36'},{ts '2015-11-25 07:53:36'},0);
INSERT INTO iq_unit_hrs_of_operation (iq_unit_hrs_of_operation_id,iq_unit_mstr_id,day,from_time,until_time,last_appt_time,created_by,modified_by,created_datetime,modified_datetime,version) VALUES ('2c9180b8513f3c7401513f599aa80003','2c9180b8513f3c7401513f599aa10000','FRIDAY',{t '09:00:00'},{t '17:00:00'},{t '09:00:00'},'uchealth-user','uchealth-user',{ts '2015-11-25 07:53:36'},{ts '2015-11-25 07:53:36'},0);
INSERT INTO iq_unit_hrs_of_operation (iq_unit_hrs_of_operation_id,iq_unit_mstr_id,day,from_time,until_time,last_appt_time,created_by,modified_by,created_datetime,modified_datetime,version) VALUES ('2c9180b8513f3c7401513f599aa80004','2c9180b8513f3c7401513f599aa10000','SATURDAY',{t '09:00:00'},{t '17:00:00'},{t '09:00:00'},'uchealth-user','uchealth-user',{ts '2015-11-25 07:53:36'},{ts '2015-11-25 07:53:36'},0);
INSERT INTO iq_unit_hrs_of_operation (iq_unit_hrs_of_operation_id,iq_unit_mstr_id,day,from_time,until_time,last_appt_time,created_by,modified_by,created_datetime,modified_datetime,version) VALUES ('2c9180b8513f3c7401513f599aa80005','2c9180b8513f3c7401513f599aa10000','TUESDAY',{t '09:00:00'},{t '17:00:00'},{t '09:00:00'},'uchealth-user','uchealth-user',{ts '2015-11-25 07:53:36'},{ts '2015-11-25 07:53:36'},0);
INSERT INTO iq_unit_hrs_of_operation (iq_unit_hrs_of_operation_id,iq_unit_mstr_id,day,from_time,until_time,last_appt_time,created_by,modified_by,created_datetime,modified_datetime,version) VALUES ('2c9180b8513f3c7401513f599aa80006','2c9180b8513f3c7401513f599aa10000','WEDNESDAY',{t '09:00:00'},{t '17:00:00'},{t '09:00:00'},'uchealth-user','uchealth-user',{ts '2015-11-25 07:53:36'},{ts '2015-11-25 07:53:36'},0);
INSERT INTO iq_unit_hrs_of_operation (iq_unit_hrs_of_operation_id,iq_unit_mstr_id,day,from_time,until_time,last_appt_time,created_by,modified_by,created_datetime,modified_datetime,version) VALUES ('2c9180b8513f3c7401513f599aa80007','2c9180b8513f3c7401513f599aa10000','THURSDAY',{t '09:00:00'},{t '17:00:00'},{t '09:00:00'},'uchealth-user','uchealth-user',{ts '2015-11-25 07:53:36'},{ts '2015-11-25 07:53:36'},0);
INSERT INTO iq_unit_hrs_of_operation (iq_unit_hrs_of_operation_id,iq_unit_mstr_id,day,from_time,until_time,last_appt_time,created_by,modified_by,created_datetime,modified_datetime,version) VALUES ('2c9180b8513f3c74015140a51fef0010','2c9180b8513f3c74015140a51fee000f','SATURDAY',{t '09:00:00'},{t '17:00:00'},{t '09:00:00'},'uchealth-user','uchealth-user',{ts '2015-11-25 13:55:42'},{ts '2015-11-25 13:55:42'},0);
INSERT INTO iq_unit_hrs_of_operation (iq_unit_hrs_of_operation_id,iq_unit_mstr_id,day,from_time,until_time,last_appt_time,created_by,modified_by,created_datetime,modified_datetime,version) VALUES ('2c9180b8513f3c74015140a51fef0011','2c9180b8513f3c74015140a51fee000f','THURSDAY',{t '09:00:00'},{t '17:00:00'},{t '09:00:00'},'uchealth-user','uchealth-user',{ts '2015-11-25 13:55:42'},{ts '2015-11-25 13:55:42'},0);
INSERT INTO iq_unit_hrs_of_operation (iq_unit_hrs_of_operation_id,iq_unit_mstr_id,day,from_time,until_time,last_appt_time,created_by,modified_by,created_datetime,modified_datetime,version) VALUES ('2c9180b8513f3c74015140a51fef0012','2c9180b8513f3c74015140a51fee000f','FRIDAY',{t '09:00:00'},{t '17:00:00'},{t '09:00:00'},'uchealth-user','uchealth-user',{ts '2015-11-25 13:55:42'},{ts '2015-11-25 13:55:42'},0);
INSERT INTO iq_unit_hrs_of_operation (iq_unit_hrs_of_operation_id,iq_unit_mstr_id,day,from_time,until_time,last_appt_time,created_by,modified_by,created_datetime,modified_datetime,version) VALUES ('2c9180b8513f3c74015140a51ff00013','2c9180b8513f3c74015140a51fee000f','WEDNESDAY',{t '09:00:00'},{t '17:00:00'},{t '09:00:00'},'uchealth-user','uchealth-user',{ts '2015-11-25 13:55:42'},{ts '2015-11-25 13:55:42'},0);
INSERT INTO iq_unit_hrs_of_operation (iq_unit_hrs_of_operation_id,iq_unit_mstr_id,day,from_time,until_time,last_appt_time,created_by,modified_by,created_datetime,modified_datetime,version) VALUES ('2c9180b8513f3c74015140a51ff00014','2c9180b8513f3c74015140a51fee000f','TUESDAY',{t '09:00:00'},{t '17:00:00'},{t '09:00:00'},'uchealth-user','uchealth-user',{ts '2015-11-25 13:55:42'},{ts '2015-11-25 13:55:42'},0);
INSERT INTO iq_unit_hrs_of_operation (iq_unit_hrs_of_operation_id,iq_unit_mstr_id,day,from_time,until_time,last_appt_time,created_by,modified_by,created_datetime,modified_datetime,version) VALUES ('2c9180b8513f3c74015140a51ff00015','2c9180b8513f3c74015140a51fee000f','MONDAY',{t '09:00:00'},{t '17:00:00'},{t '09:00:00'},'uchealth-user','uchealth-user',{ts '2015-11-25 13:55:42'},{ts '2015-11-25 13:55:42'},0);
INSERT INTO iq_unit_hrs_of_operation (iq_unit_hrs_of_operation_id,iq_unit_mstr_id,day,from_time,until_time,last_appt_time,created_by,modified_by,created_datetime,modified_datetime,version) VALUES ('2c9180b8513f3c74015140a51ff00016','2c9180b8513f3c74015140a51fee000f','SUNDAY',{t '09:00:00'},{t '17:00:00'},{t '09:00:00'},'uchealth-user','uchealth-user',{ts '2015-11-25 13:55:42'},{ts '2015-11-25 13:55:42'},0);
INSERT INTO iq_unit_hrs_of_operation (iq_unit_hrs_of_operation_id,iq_unit_mstr_id,day,from_time,until_time,last_appt_time,created_by,modified_by,created_datetime,modified_datetime,version) VALUES ('2c9180b8513f3c74015140a9de88003d','2c9180b8513f3c74015140a9de86003c','WEDNESDAY',{t '09:00:00'},{t '17:00:00'},{t '09:00:00'},'uchealth-user','uchealth-user',{ts '2015-11-25 14:00:53'},{ts '2015-11-25 14:00:53'},0);
INSERT INTO iq_unit_hrs_of_operation (iq_unit_hrs_of_operation_id,iq_unit_mstr_id,day,from_time,until_time,last_appt_time,created_by,modified_by,created_datetime,modified_datetime,version) VALUES ('2c9180b8513f3c74015140a9de88003e','2c9180b8513f3c74015140a9de86003c','SATURDAY',{t '09:00:00'},{t '17:00:00'},{t '09:00:00'},'uchealth-user','uchealth-user',{ts '2015-11-25 14:00:53'},{ts '2015-11-25 14:00:53'},0);
INSERT INTO iq_unit_hrs_of_operation (iq_unit_hrs_of_operation_id,iq_unit_mstr_id,day,from_time,until_time,last_appt_time,created_by,modified_by,created_datetime,modified_datetime,version) VALUES ('2c9180b8513f3c74015140a9de88003f','2c9180b8513f3c74015140a9de86003c','THURSDAY',{t '09:00:00'},{t '17:00:00'},{t '09:00:00'},'uchealth-user','uchealth-user',{ts '2015-11-25 14:00:53'},{ts '2015-11-25 14:00:53'},0);
INSERT INTO iq_unit_hrs_of_operation (iq_unit_hrs_of_operation_id,iq_unit_mstr_id,day,from_time,until_time,last_appt_time,created_by,modified_by,created_datetime,modified_datetime,version) VALUES ('2c9180b8513f3c74015140a9de880040','2c9180b8513f3c74015140a9de86003c','TUESDAY',{t '09:00:00'},{t '17:00:00'},{t '09:00:00'},'uchealth-user','uchealth-user',{ts '2015-11-25 14:00:53'},{ts '2015-11-25 14:00:53'},0);
INSERT INTO iq_unit_hrs_of_operation (iq_unit_hrs_of_operation_id,iq_unit_mstr_id,day,from_time,until_time,last_appt_time,created_by,modified_by,created_datetime,modified_datetime,version) VALUES ('2c9180b8513f3c74015140a9de880041','2c9180b8513f3c74015140a9de86003c','MONDAY',{t '09:00:00'},{t '17:00:00'},{t '09:00:00'},'uchealth-user','uchealth-user',{ts '2015-11-25 14:00:53'},{ts '2015-11-25 14:00:53'},0);
INSERT INTO iq_unit_hrs_of_operation (iq_unit_hrs_of_operation_id,iq_unit_mstr_id,day,from_time,until_time,last_appt_time,created_by,modified_by,created_datetime,modified_datetime,version) VALUES ('2c9180b8513f3c74015140a9de880042','2c9180b8513f3c74015140a9de86003c','FRIDAY',{t '09:00:00'},{t '17:00:00'},{t '09:00:00'},'uchealth-user','uchealth-user',{ts '2015-11-25 14:00:53'},{ts '2015-11-25 14:00:53'},0);
INSERT INTO iq_unit_hrs_of_operation (iq_unit_hrs_of_operation_id,iq_unit_mstr_id,day,from_time,until_time,last_appt_time,created_by,modified_by,created_datetime,modified_datetime,version) VALUES ('2c9180b8513f3c74015140a9de880043','2c9180b8513f3c74015140a9de86003c','SUNDAY',{t '09:00:00'},{t '17:00:00'},{t '09:00:00'},'uchealth-user','uchealth-user',{ts '2015-11-25 14:00:53'},{ts '2015-11-25 14:00:53'},0);
INSERT INTO iq_unit_hrs_of_operation (iq_unit_hrs_of_operation_id,iq_unit_mstr_id,day,from_time,until_time,last_appt_time,created_by,modified_by,created_datetime,modified_datetime,version) VALUES ('2c9180b8513f3c740151421dba35005b','2c9180b8513f3c740151421dba34005a','SATURDAY',{t '09:00:00'},{t '17:00:00'},{t '09:00:00'},'uchealth-user','uchealth-user',{ts '2015-11-25 20:47:03'},{ts '2015-11-25 20:47:03'},0);
INSERT INTO iq_unit_hrs_of_operation (iq_unit_hrs_of_operation_id,iq_unit_mstr_id,day,from_time,until_time,last_appt_time,created_by,modified_by,created_datetime,modified_datetime,version) VALUES ('2c9180b8513f3c740151421dba35005c','2c9180b8513f3c740151421dba34005a','THURSDAY',{t '09:00:00'},{t '17:00:00'},{t '09:00:00'},'uchealth-user','uchealth-user',{ts '2015-11-25 20:47:03'},{ts '2015-11-25 20:47:03'},0);
INSERT INTO iq_unit_hrs_of_operation (iq_unit_hrs_of_operation_id,iq_unit_mstr_id,day,from_time,until_time,last_appt_time,created_by,modified_by,created_datetime,modified_datetime,version) VALUES ('2c9180b8513f3c740151421dba35005d','2c9180b8513f3c740151421dba34005a','SUNDAY',{t '09:00:00'},{t '17:00:00'},{t '09:00:00'},'uchealth-user','uchealth-user',{ts '2015-11-25 20:47:03'},{ts '2015-11-25 20:47:03'},0);
INSERT INTO iq_unit_hrs_of_operation (iq_unit_hrs_of_operation_id,iq_unit_mstr_id,day,from_time,until_time,last_appt_time,created_by,modified_by,created_datetime,modified_datetime,version) VALUES ('2c9180b8513f3c740151421dba35005e','2c9180b8513f3c740151421dba34005a','MONDAY',null,null,null,'uchealth-user','uchealth-user',{ts '2015-11-25 20:47:03'},{ts '2015-11-29 20:33:37'},1);
INSERT INTO iq_unit_hrs_of_operation (iq_unit_hrs_of_operation_id,iq_unit_mstr_id,day,from_time,until_time,last_appt_time,created_by,modified_by,created_datetime,modified_datetime,version) VALUES ('2c9180b8513f3c740151421dba35005f','2c9180b8513f3c740151421dba34005a','WEDNESDAY',{t '09:00:00'},{t '17:00:00'},{t '09:00:00'},'uchealth-user','uchealth-user',{ts '2015-11-25 20:47:03'},{ts '2015-11-25 20:47:03'},0);
INSERT INTO iq_unit_hrs_of_operation (iq_unit_hrs_of_operation_id,iq_unit_mstr_id,day,from_time,until_time,last_appt_time,created_by,modified_by,created_datetime,modified_datetime,version) VALUES ('2c9180b8513f3c740151421dba350060','2c9180b8513f3c740151421dba34005a','FRIDAY',{t '09:00:00'},{t '17:00:00'},{t '09:00:00'},'uchealth-user','uchealth-user',{ts '2015-11-25 20:47:03'},{ts '2015-11-25 20:47:03'},0);
INSERT INTO iq_unit_hrs_of_operation (iq_unit_hrs_of_operation_id,iq_unit_mstr_id,day,from_time,until_time,last_appt_time,created_by,modified_by,created_datetime,modified_datetime,version) VALUES ('2c9180b8513f3c740151421dba350061','2c9180b8513f3c740151421dba34005a','TUESDAY',{t '09:00:00'},{t '17:00:00'},{t '09:00:00'},'uchealth-user','uchealth-user',{ts '2015-11-25 20:47:03'},{ts '2015-11-25 20:47:03'},0);
INSERT INTO iq_unit_hrs_of_operation (iq_unit_hrs_of_operation_id,iq_unit_mstr_id,day,from_time,until_time,last_appt_time,created_by,modified_by,created_datetime,modified_datetime,version) VALUES ('2c9180b8513f3c7401514249d9b20088','2c9180b8513f3c7401514249d9b00087','SUNDAY',{t '09:00:00'},{t '17:00:00'},{t '09:00:00'},'uchealth-user','uchealth-user',{ts '2015-11-25 21:35:15'},{ts '2015-11-25 21:35:15'},0);
INSERT INTO iq_unit_hrs_of_operation (iq_unit_hrs_of_operation_id,iq_unit_mstr_id,day,from_time,until_time,last_appt_time,created_by,modified_by,created_datetime,modified_datetime,version) VALUES ('2c9180b8513f3c7401514249d9b20089','2c9180b8513f3c7401514249d9b00087','WEDNESDAY',{t '09:00:00'},{t '17:00:00'},{t '09:00:00'},'uchealth-user','uchealth-user',{ts '2015-11-25 21:35:15'},{ts '2015-11-25 21:35:15'},0);
INSERT INTO iq_unit_hrs_of_operation (iq_unit_hrs_of_operation_id,iq_unit_mstr_id,day,from_time,until_time,last_appt_time,created_by,modified_by,created_datetime,modified_datetime,version) VALUES ('2c9180b8513f3c7401514249d9b2008a','2c9180b8513f3c7401514249d9b00087','TUESDAY',{t '09:00:00'},{t '17:00:00'},{t '09:00:00'},'uchealth-user','uchealth-user',{ts '2015-11-25 21:35:15'},{ts '2015-11-25 21:35:15'},0);
INSERT INTO iq_unit_hrs_of_operation (iq_unit_hrs_of_operation_id,iq_unit_mstr_id,day,from_time,until_time,last_appt_time,created_by,modified_by,created_datetime,modified_datetime,version) VALUES ('2c9180b8513f3c7401514249d9b2008b','2c9180b8513f3c7401514249d9b00087','THURSDAY',{t '09:00:00'},{t '17:00:00'},{t '09:00:00'},'uchealth-user','uchealth-user',{ts '2015-11-25 21:35:15'},{ts '2015-11-25 21:35:15'},0);
INSERT INTO iq_unit_hrs_of_operation (iq_unit_hrs_of_operation_id,iq_unit_mstr_id,day,from_time,until_time,last_appt_time,created_by,modified_by,created_datetime,modified_datetime,version) VALUES ('2c9180b8513f3c7401514249d9b2008c','2c9180b8513f3c7401514249d9b00087','FRIDAY',{t '09:00:00'},{t '17:00:00'},{t '09:00:00'},'uchealth-user','uchealth-user',{ts '2015-11-25 21:35:15'},{ts '2015-11-25 21:35:15'},0);
INSERT INTO iq_unit_hrs_of_operation (iq_unit_hrs_of_operation_id,iq_unit_mstr_id,day,from_time,until_time,last_appt_time,created_by,modified_by,created_datetime,modified_datetime,version) VALUES ('2c9180b8513f3c7401514249d9b2008d','2c9180b8513f3c7401514249d9b00087','SATURDAY',{t '09:00:00'},{t '17:00:00'},{t '09:00:00'},'uchealth-user','uchealth-user',{ts '2015-11-25 21:35:15'},{ts '2015-11-25 21:35:15'},0);
INSERT INTO iq_unit_hrs_of_operation (iq_unit_hrs_of_operation_id,iq_unit_mstr_id,day,from_time,until_time,last_appt_time,created_by,modified_by,created_datetime,modified_datetime,version) VALUES ('2c9180b8513f3c7401514249d9b2008e','2c9180b8513f3c7401514249d9b00087','MONDAY',{t '09:00:00'},{t '17:00:00'},{t '09:00:00'},'uchealth-user','uchealth-user',{ts '2015-11-25 21:35:15'},{ts '2015-11-25 21:35:15'},0);
INSERT INTO iq_unit_hrs_of_operation (iq_unit_hrs_of_operation_id,iq_unit_mstr_id,day,from_time,until_time,last_appt_time,created_by,modified_by,created_datetime,modified_datetime,version) VALUES ('2c9180b9514468a0015144c9a6ca0002','2c9180b9514468a0015144c9a6b60001','THURSDAY',{t '09:00:00'},{t '17:00:00'},{t '09:00:00'},'uchealth-user','uchealth-user',{ts '2015-11-26 09:14:05'},{ts '2015-11-26 09:14:05'},0);
INSERT INTO iq_unit_hrs_of_operation (iq_unit_hrs_of_operation_id,iq_unit_mstr_id,day,from_time,until_time,last_appt_time,created_by,modified_by,created_datetime,modified_datetime,version) VALUES ('2c9180b9514468a0015144c9a6ca0003','2c9180b9514468a0015144c9a6b60001','TUESDAY',{t '09:00:00'},{t '17:00:00'},{t '09:00:00'},'uchealth-user','uchealth-user',{ts '2015-11-26 09:14:05'},{ts '2015-11-26 09:14:05'},0);
INSERT INTO iq_unit_hrs_of_operation (iq_unit_hrs_of_operation_id,iq_unit_mstr_id,day,from_time,until_time,last_appt_time,created_by,modified_by,created_datetime,modified_datetime,version) VALUES ('2c9180b9514468a0015144c9a6ca0004','2c9180b9514468a0015144c9a6b60001','WEDNESDAY',{t '09:00:00'},{t '17:00:00'},{t '09:00:00'},'uchealth-user','uchealth-user',{ts '2015-11-26 09:14:05'},{ts '2015-11-26 09:14:05'},0);
INSERT INTO iq_unit_hrs_of_operation (iq_unit_hrs_of_operation_id,iq_unit_mstr_id,day,from_time,until_time,last_appt_time,created_by,modified_by,created_datetime,modified_datetime,version) VALUES ('2c9180b9514468a0015144c9a6ca0005','2c9180b9514468a0015144c9a6b60001','SATURDAY',{t '09:00:00'},{t '17:00:00'},{t '09:00:00'},'uchealth-user','uchealth-user',{ts '2015-11-26 09:14:05'},{ts '2015-11-26 09:14:05'},0);
INSERT INTO iq_unit_hrs_of_operation (iq_unit_hrs_of_operation_id,iq_unit_mstr_id,day,from_time,until_time,last_appt_time,created_by,modified_by,created_datetime,modified_datetime,version) VALUES ('2c9180b9514468a0015144c9a6ca0006','2c9180b9514468a0015144c9a6b60001','FRIDAY',{t '09:00:00'},{t '17:00:00'},{t '09:00:00'},'uchealth-user','uchealth-user',{ts '2015-11-26 09:14:05'},{ts '2015-11-26 09:14:05'},0);
INSERT INTO iq_unit_hrs_of_operation (iq_unit_hrs_of_operation_id,iq_unit_mstr_id,day,from_time,until_time,last_appt_time,created_by,modified_by,created_datetime,modified_datetime,version) VALUES ('2c9180b9514468a0015144c9a6ca0007','2c9180b9514468a0015144c9a6b60001','SUNDAY',{t '09:00:00'},{t '17:00:00'},{t '09:00:00'},'uchealth-user','uchealth-user',{ts '2015-11-26 09:14:05'},{ts '2015-11-26 09:14:05'},0);
INSERT INTO iq_unit_hrs_of_operation (iq_unit_hrs_of_operation_id,iq_unit_mstr_id,day,from_time,until_time,last_appt_time,created_by,modified_by,created_datetime,modified_datetime,version) VALUES ('2c9180b9514468a0015144c9a6cb0008','2c9180b9514468a0015144c9a6b60001','MONDAY',null,null,null,'uchealth-user','uchealth-user',{ts '2015-11-26 09:14:05'},{ts '2015-11-26 09:14:24'},1);
INSERT INTO iq_unit_hrs_of_operation (iq_unit_hrs_of_operation_id,iq_unit_mstr_id,day,from_time,until_time,last_appt_time,created_by,modified_by,created_datetime,modified_datetime,version) VALUES ('2c9180b9514468a001514739e0b10012','2c9180b9514468a001514739e0b00011','THURSDAY',{t '09:00:00'},{t '17:00:00'},{t '09:00:00'},'uchealth-user','uchealth-user',{ts '2015-11-26 20:35:54'},{ts '2015-11-26 20:35:54'},0);
INSERT INTO iq_unit_hrs_of_operation (iq_unit_hrs_of_operation_id,iq_unit_mstr_id,day,from_time,until_time,last_appt_time,created_by,modified_by,created_datetime,modified_datetime,version) VALUES ('2c9180b9514468a001514739e0b10013','2c9180b9514468a001514739e0b00011','SATURDAY',{t '09:00:00'},{t '17:00:00'},{t '09:00:00'},'uchealth-user','uchealth-user',{ts '2015-11-26 20:35:54'},{ts '2015-11-26 20:35:54'},0);
INSERT INTO iq_unit_hrs_of_operation (iq_unit_hrs_of_operation_id,iq_unit_mstr_id,day,from_time,until_time,last_appt_time,created_by,modified_by,created_datetime,modified_datetime,version) VALUES ('2c9180b9514468a001514739e0b10014','2c9180b9514468a001514739e0b00011','FRIDAY',{t '09:00:00'},{t '17:00:00'},{t '09:00:00'},'uchealth-user','uchealth-user',{ts '2015-11-26 20:35:54'},{ts '2015-11-26 20:35:54'},0);
INSERT INTO iq_unit_hrs_of_operation (iq_unit_hrs_of_operation_id,iq_unit_mstr_id,day,from_time,until_time,last_appt_time,created_by,modified_by,created_datetime,modified_datetime,version) VALUES ('2c9180b9514468a001514739e0b10015','2c9180b9514468a001514739e0b00011','WEDNESDAY',{t '09:00:00'},{t '17:00:00'},{t '09:00:00'},'uchealth-user','uchealth-user',{ts '2015-11-26 20:35:54'},{ts '2015-11-26 20:35:54'},0);
INSERT INTO iq_unit_hrs_of_operation (iq_unit_hrs_of_operation_id,iq_unit_mstr_id,day,from_time,until_time,last_appt_time,created_by,modified_by,created_datetime,modified_datetime,version) VALUES ('2c9180b9514468a001514739e0b10016','2c9180b9514468a001514739e0b00011','MONDAY',{t '09:00:00'},{t '17:00:00'},{t '09:00:00'},'uchealth-user','uchealth-user',{ts '2015-11-26 20:35:54'},{ts '2015-11-26 20:35:54'},0);
INSERT INTO iq_unit_hrs_of_operation (iq_unit_hrs_of_operation_id,iq_unit_mstr_id,day,from_time,until_time,last_appt_time,created_by,modified_by,created_datetime,modified_datetime,version) VALUES ('2c9180b9514468a001514739e0b20017','2c9180b9514468a001514739e0b00011','TUESDAY',{t '09:00:00'},{t '17:00:00'},{t '09:00:00'},'uchealth-user','uchealth-user',{ts '2015-11-26 20:35:54'},{ts '2015-11-26 20:35:54'},0);
INSERT INTO iq_unit_hrs_of_operation (iq_unit_hrs_of_operation_id,iq_unit_mstr_id,day,from_time,until_time,last_appt_time,created_by,modified_by,created_datetime,modified_datetime,version) VALUES ('2c9180b9514468a001514739e0b20018','2c9180b9514468a001514739e0b00011','SUNDAY',{t '09:00:00'},{t '17:00:00'},{t '09:00:00'},'uchealth-user','uchealth-user',{ts '2015-11-26 20:35:54'},{ts '2015-11-26 20:35:54'},0);
INSERT INTO iq_unit_hrs_of_operation (iq_unit_hrs_of_operation_id,iq_unit_mstr_id,day,from_time,until_time,last_appt_time,created_by,modified_by,created_datetime,modified_datetime,version) VALUES ('2c9180b9514468a00151485906280091','2c9180b9514468a00151485906260090','FRIDAY',{t '09:00:00'},{t '17:00:00'},{t '09:00:00'},'uchealth-user','uchealth-user',{ts '2015-11-27 01:49:33'},{ts '2015-11-27 01:49:33'},0);
INSERT INTO iq_unit_hrs_of_operation (iq_unit_hrs_of_operation_id,iq_unit_mstr_id,day,from_time,until_time,last_appt_time,created_by,modified_by,created_datetime,modified_datetime,version) VALUES ('2c9180b9514468a00151485906280092','2c9180b9514468a00151485906260090','MONDAY',{t '09:00:00'},{t '17:00:00'},{t '09:00:00'},'uchealth-user','uchealth-user',{ts '2015-11-27 01:49:33'},{ts '2015-11-27 01:49:33'},0);
INSERT INTO iq_unit_hrs_of_operation (iq_unit_hrs_of_operation_id,iq_unit_mstr_id,day,from_time,until_time,last_appt_time,created_by,modified_by,created_datetime,modified_datetime,version) VALUES ('2c9180b9514468a00151485906280093','2c9180b9514468a00151485906260090','SUNDAY',{t '09:00:00'},{t '17:00:00'},{t '09:00:00'},'uchealth-user','uchealth-user',{ts '2015-11-27 01:49:33'},{ts '2015-11-27 01:49:33'},0);
INSERT INTO iq_unit_hrs_of_operation (iq_unit_hrs_of_operation_id,iq_unit_mstr_id,day,from_time,until_time,last_appt_time,created_by,modified_by,created_datetime,modified_datetime,version) VALUES ('2c9180b9514468a00151485906280094','2c9180b9514468a00151485906260090','SATURDAY',{t '09:00:00'},{t '17:00:00'},{t '09:00:00'},'uchealth-user','uchealth-user',{ts '2015-11-27 01:49:33'},{ts '2015-11-27 01:49:33'},0);
INSERT INTO iq_unit_hrs_of_operation (iq_unit_hrs_of_operation_id,iq_unit_mstr_id,day,from_time,until_time,last_appt_time,created_by,modified_by,created_datetime,modified_datetime,version) VALUES ('2c9180b9514468a00151485906280095','2c9180b9514468a00151485906260090','THURSDAY',{t '09:00:00'},{t '17:00:00'},{t '09:00:00'},'uchealth-user','uchealth-user',{ts '2015-11-27 01:49:33'},{ts '2015-11-27 01:49:33'},0);
INSERT INTO iq_unit_hrs_of_operation (iq_unit_hrs_of_operation_id,iq_unit_mstr_id,day,from_time,until_time,last_appt_time,created_by,modified_by,created_datetime,modified_datetime,version) VALUES ('2c9180b9514468a00151485906280096','2c9180b9514468a00151485906260090','WEDNESDAY',{t '09:00:00'},{t '17:00:00'},{t '09:00:00'},'uchealth-user','uchealth-user',{ts '2015-11-27 01:49:33'},{ts '2015-11-27 01:49:33'},0);
INSERT INTO iq_unit_hrs_of_operation (iq_unit_hrs_of_operation_id,iq_unit_mstr_id,day,from_time,until_time,last_appt_time,created_by,modified_by,created_datetime,modified_datetime,version) VALUES ('2c9180b9514468a00151485906280097','2c9180b9514468a00151485906260090','TUESDAY',{t '09:00:00'},{t '17:00:00'},{t '09:00:00'},'uchealth-user','uchealth-user',{ts '2015-11-27 01:49:33'},{ts '2015-11-27 01:49:33'},0);
INSERT INTO iq_unit_hrs_of_operation (iq_unit_hrs_of_operation_id,iq_unit_mstr_id,day,from_time,until_time,last_appt_time,created_by,modified_by,created_datetime,modified_datetime,version) VALUES ('2c9180bd51491b300151491fc7640011','2c9180bd51491b300151491fc7630010','SUNDAY',{t '09:00:00'},{t '17:00:00'},{t '09:00:00'},'uchealth-user','uchealth-user',{ts '2015-11-27 05:26:38'},{ts '2015-11-27 05:26:38'},0);
INSERT INTO iq_unit_hrs_of_operation (iq_unit_hrs_of_operation_id,iq_unit_mstr_id,day,from_time,until_time,last_appt_time,created_by,modified_by,created_datetime,modified_datetime,version) VALUES ('2c9180bd51491b300151491fc7640012','2c9180bd51491b300151491fc7630010','SATURDAY',{t '09:00:00'},{t '17:00:00'},{t '09:00:00'},'uchealth-user','uchealth-user',{ts '2015-11-27 05:26:38'},{ts '2015-11-27 05:26:38'},0);
INSERT INTO iq_unit_hrs_of_operation (iq_unit_hrs_of_operation_id,iq_unit_mstr_id,day,from_time,until_time,last_appt_time,created_by,modified_by,created_datetime,modified_datetime,version) VALUES ('2c9180bd51491b300151491fc7640013','2c9180bd51491b300151491fc7630010','FRIDAY',{t '09:00:00'},{t '17:00:00'},{t '09:00:00'},'uchealth-user','uchealth-user',{ts '2015-11-27 05:26:38'},{ts '2015-11-27 05:26:38'},0);
INSERT INTO iq_unit_hrs_of_operation (iq_unit_hrs_of_operation_id,iq_unit_mstr_id,day,from_time,until_time,last_appt_time,created_by,modified_by,created_datetime,modified_datetime,version) VALUES ('2c9180bd51491b300151491fc7640014','2c9180bd51491b300151491fc7630010','TUESDAY',{t '09:00:00'},{t '17:00:00'},{t '09:00:00'},'uchealth-user','uchealth-user',{ts '2015-11-27 05:26:38'},{ts '2015-11-27 05:26:38'},0);
INSERT INTO iq_unit_hrs_of_operation (iq_unit_hrs_of_operation_id,iq_unit_mstr_id,day,from_time,until_time,last_appt_time,created_by,modified_by,created_datetime,modified_datetime,version) VALUES ('2c9180bd51491b300151491fc7650015','2c9180bd51491b300151491fc7630010','MONDAY',{t '09:00:00'},{t '17:00:00'},{t '13:00:00'},'uchealth-user','uchealth-user',{ts '2015-11-27 05:26:38'},{ts '2015-11-27 05:27:02'},1);
INSERT INTO iq_unit_hrs_of_operation (iq_unit_hrs_of_operation_id,iq_unit_mstr_id,day,from_time,until_time,last_appt_time,created_by,modified_by,created_datetime,modified_datetime,version) VALUES ('2c9180bd51491b300151491fc7650016','2c9180bd51491b300151491fc7630010','THURSDAY',{t '09:00:00'},{t '17:00:00'},{t '09:00:00'},'uchealth-user','uchealth-user',{ts '2015-11-27 05:26:38'},{ts '2015-11-27 05:26:38'},0);
INSERT INTO iq_unit_hrs_of_operation (iq_unit_hrs_of_operation_id,iq_unit_mstr_id,day,from_time,until_time,last_appt_time,created_by,modified_by,created_datetime,modified_datetime,version) VALUES ('2c9180bd51491b300151491fc7650017','2c9180bd51491b300151491fc7630010','WEDNESDAY',{t '09:00:00'},{t '17:00:00'},{t '09:00:00'},'uchealth-user','uchealth-user',{ts '2015-11-27 05:26:38'},{ts '2015-11-27 05:26:38'},0);


INSERT INTO iq_nurse_coverage (iq_nurse_coverage_id,iq_unit_mstr_id,day,start_time,no_of_nurses,shift_length,created_by,modified_by,created_datetime,modified_datetime,version) VALUES ('2c9180885015fd7f015039cb83e70038','2c9180885015fd7f0150366ba849001a','WEDNESDAY',{t '07:30:00'},10,{t '09:30:00'},'uchealth-user','uchealth-user',{ts '2015-10-05 13:57:30'},{ts '2015-10-05 13:57:30'},0);
INSERT INTO iq_nurse_coverage (iq_nurse_coverage_id,iq_unit_mstr_id,day,start_time,no_of_nurses,shift_length,created_by,modified_by,created_datetime,modified_datetime,version) VALUES ('2c918089503a5f2c01503a80da220000','2c9180885015fd7f0150366ba849001a','MONDAY',{t '08:00:00'},3,{t '09:30:00'},'uchealth-user','uchealth-user',{ts '2015-10-05 17:15:34'},{ts '2015-10-05 17:15:34'},0);
INSERT INTO iq_nurse_coverage (iq_nurse_coverage_id,iq_unit_mstr_id,day,start_time,no_of_nurses,shift_length,created_by,modified_by,created_datetime,modified_datetime,version) VALUES ('2c918089503a5f2c01503a80da230001','2c9180885015fd7f0150366ba849001a','TUESDAY',{t '08:00:00'},3,{t '09:30:00'},'uchealth-user','uchealth-user',{ts '2015-10-05 17:15:34'},{ts '2015-10-05 17:15:34'},0);
INSERT INTO iq_nurse_coverage (iq_nurse_coverage_id,iq_unit_mstr_id,day,start_time,no_of_nurses,shift_length,created_by,modified_by,created_datetime,modified_datetime,version) VALUES ('2c918089503a5f2c01503a80da230002','2c9180885015fd7f0150366ba849001a','THURSDAY',{t '08:00:00'},3,{t '09:30:00'},'uchealth-user','uchealth-user',{ts '2015-10-05 17:15:34'},{ts '2015-10-05 17:15:34'},0);
INSERT INTO iq_nurse_coverage (iq_nurse_coverage_id,iq_unit_mstr_id,day,start_time,no_of_nurses,shift_length,created_by,modified_by,created_datetime,modified_datetime,version) VALUES ('2c918089503a5f2c01503a80da230003','2c9180885015fd7f0150366ba849001a','FRIDAY',{t '08:00:00'},3,{t '09:30:00'},'uchealth-user','uchealth-user',{ts '2015-10-05 17:15:34'},{ts '2015-10-05 17:15:34'},0);
INSERT INTO iq_nurse_coverage (iq_nurse_coverage_id,iq_unit_mstr_id,day,start_time,no_of_nurses,shift_length,created_by,modified_by,created_datetime,modified_datetime,version) VALUES ('2c918089503a5f2c01503a81148f0004','2c9180885015fd7f0150366ba849001a','WEDNESDAY',{t '08:00:00'},5,{t '09:30:00'},'uchealth-user','uchealth-user',{ts '2015-10-05 17:15:49'},{ts '2015-10-05 17:15:49'},0);
INSERT INTO iq_nurse_coverage (iq_nurse_coverage_id,iq_unit_mstr_id,day,start_time,no_of_nurses,shift_length,created_by,modified_by,created_datetime,modified_datetime,version) VALUES ('2c918089503a977601503aaaaa3e0004','2c9180885015fd7f0150366ba849001a','MONDAY',{t '10:00:00'},2,{t '09:30:00'},'uchealth-user','uchealth-user',{ts '2015-10-05 18:01:15'},{ts '2015-10-05 18:01:15'},0);
INSERT INTO iq_nurse_coverage (iq_nurse_coverage_id,iq_unit_mstr_id,day,start_time,no_of_nurses,shift_length,created_by,modified_by,created_datetime,modified_datetime,version) VALUES ('2c918089503a977601503aac00d20009','2c9180885015fd7f0150366ba849001a','MONDAY',{t '07:30:00'},8,{t '09:30:00'},'uchealth-user','uchealth-user',{ts '2015-10-05 18:02:42'},{ts '2015-10-05 18:02:42'},0);
INSERT INTO iq_nurse_coverage (iq_nurse_coverage_id,iq_unit_mstr_id,day,start_time,no_of_nurses,shift_length,created_by,modified_by,created_datetime,modified_datetime,version) VALUES ('2c918089503a977601503aac00d3000a','2c9180885015fd7f0150366ba849001a','TUESDAY',{t '07:30:00'},8,{t '09:30:00'},'uchealth-user','uchealth-user',{ts '2015-10-05 18:02:42'},{ts '2015-10-05 18:02:42'},0);
INSERT INTO iq_nurse_coverage (iq_nurse_coverage_id,iq_unit_mstr_id,day,start_time,no_of_nurses,shift_length,created_by,modified_by,created_datetime,modified_datetime,version) VALUES ('2c918089503a977601503aac00d3000b','2c9180885015fd7f0150366ba849001a','THURSDAY',{t '07:30:00'},8,{t '09:30:00'},'uchealth-user','uchealth-user',{ts '2015-10-05 18:02:42'},{ts '2015-10-05 18:02:42'},0);
INSERT INTO iq_nurse_coverage (iq_nurse_coverage_id,iq_unit_mstr_id,day,start_time,no_of_nurses,shift_length,created_by,modified_by,created_datetime,modified_datetime,version) VALUES ('2c918089503a977601503aac00d3000c','2c9180885015fd7f0150366ba849001a','FRIDAY',{t '07:30:00'},8,{t '09:30:00'},'uchealth-user','uchealth-user',{ts '2015-10-05 18:02:42'},{ts '2015-10-05 18:02:42'},0);
INSERT INTO iq_nurse_coverage (iq_nurse_coverage_id,iq_unit_mstr_id,day,start_time,no_of_nurses,shift_length,created_by,modified_by,created_datetime,modified_datetime,version) VALUES ('2c918089503a977601503aac8868000d','2c9180885015fd7f0150366ba849001a','TUESDAY',{t '10:00:00'},5,{t '09:30:00'},'uchealth-user','uchealth-user',{ts '2015-10-05 18:03:17'},{ts '2015-10-05 18:03:17'},0);
INSERT INTO iq_nurse_coverage (iq_nurse_coverage_id,iq_unit_mstr_id,day,start_time,no_of_nurses,shift_length,created_by,modified_by,created_datetime,modified_datetime,version) VALUES ('2c918089503a977601503aad2fca000f','2c9180885015fd7f0150366ba849001a','THURSDAY',{t '10:00:00'},4,{t '09:30:00'},'uchealth-user','uchealth-user',{ts '2015-10-05 18:04:00'},{ts '2015-10-05 18:04:00'},0);
INSERT INTO iq_nurse_coverage (iq_nurse_coverage_id,iq_unit_mstr_id,day,start_time,no_of_nurses,shift_length,created_by,modified_by,created_datetime,modified_datetime,version) VALUES ('2c918089503a977601503aad8d570010','2c9180885015fd7f0150366ba849001a','WEDNESDAY',{t '10:00:00'},3,{t '09:30:00'},'uchealth-user','uchealth-user',{ts '2015-10-05 18:04:24'},{ts '2015-10-05 18:04:24'},0);
INSERT INTO iq_nurse_coverage (iq_nurse_coverage_id,iq_unit_mstr_id,day,start_time,no_of_nurses,shift_length,created_by,modified_by,created_datetime,modified_datetime,version) VALUES ('2c918089503a977601503aad8d570011','2c9180885015fd7f0150366ba849001a','FRIDAY',{t '10:00:00'},3,{t '09:30:00'},'uchealth-user','uchealth-user',{ts '2015-10-05 18:04:24'},{ts '2015-10-05 18:04:24'},0);
INSERT INTO iq_nurse_coverage (iq_nurse_coverage_id,iq_unit_mstr_id,day,start_time,no_of_nurses,shift_length,created_by,modified_by,created_datetime,modified_datetime,version) VALUES ('2c91808a503eab8301503f5b691c0300','2c9180885015fd7f0150366ba849001a','SATURDAY',{t '08:00:00'},5,{t '09:00:00'},'uchealth-user','uchealth-user',{ts '2015-10-06 15:52:47'},{ts '2015-10-06 15:52:47'},0);
INSERT INTO iq_nurse_coverage (iq_nurse_coverage_id,iq_unit_mstr_id,day,start_time,no_of_nurses,shift_length,created_by,modified_by,created_datetime,modified_datetime,version) VALUES ('2c91808a503eab8301503f5bc9170301','2c9180885015fd7f0150366ba849001a','SUNDAY',{t '08:00:00'},3,{t '09:00:00'},'uchealth-user','uchealth-user',{ts '2015-10-06 15:53:11'},{ts '2015-10-06 15:53:11'},0);
INSERT INTO iq_nurse_coverage (iq_nurse_coverage_id,iq_unit_mstr_id,day,start_time,no_of_nurses,shift_length,created_by,modified_by,created_datetime,modified_datetime,version) VALUES ('2c91809150827756015089a2c9871fa7','2c91809150827756015089a1fb6a1f9f','SUNDAY',{t '09:00:00'},6,{t '09:00:00'},'uchealth-user','uchealth-user',{ts '2015-10-21 02:02:38'},{ts '2015-10-21 02:02:38'},0);
INSERT INTO iq_nurse_coverage (iq_nurse_coverage_id,iq_unit_mstr_id,day,start_time,no_of_nurses,shift_length,created_by,modified_by,created_datetime,modified_datetime,version) VALUES ('2c91809150827756015089a2c9871fa8','2c91809150827756015089a1fb6a1f9f','MONDAY',{t '09:00:00'},6,{t '09:00:00'},'uchealth-user','uchealth-user',{ts '2015-10-21 02:02:38'},{ts '2015-10-21 02:02:38'},0);
INSERT INTO iq_nurse_coverage (iq_nurse_coverage_id,iq_unit_mstr_id,day,start_time,no_of_nurses,shift_length,created_by,modified_by,created_datetime,modified_datetime,version) VALUES ('2c91809150827756015089a2c9871fa9','2c91809150827756015089a1fb6a1f9f','TUESDAY',{t '09:00:00'},6,{t '09:00:00'},'uchealth-user','uchealth-user',{ts '2015-10-21 02:02:38'},{ts '2015-10-21 02:02:38'},0);
INSERT INTO iq_nurse_coverage (iq_nurse_coverage_id,iq_unit_mstr_id,day,start_time,no_of_nurses,shift_length,created_by,modified_by,created_datetime,modified_datetime,version) VALUES ('2c91809150827756015089a2c9871faa','2c91809150827756015089a1fb6a1f9f','WEDNESDAY',{t '09:00:00'},6,{t '09:00:00'},'uchealth-user','uchealth-user',{ts '2015-10-21 02:02:38'},{ts '2015-10-21 02:02:38'},0);
INSERT INTO iq_nurse_coverage (iq_nurse_coverage_id,iq_unit_mstr_id,day,start_time,no_of_nurses,shift_length,created_by,modified_by,created_datetime,modified_datetime,version) VALUES ('2c91809150827756015089a2c9871fab','2c91809150827756015089a1fb6a1f9f','THURSDAY',{t '09:00:00'},6,{t '09:00:00'},'uchealth-user','uchealth-user',{ts '2015-10-21 02:02:38'},{ts '2015-10-21 02:02:38'},0);
INSERT INTO iq_nurse_coverage (iq_nurse_coverage_id,iq_unit_mstr_id,day,start_time,no_of_nurses,shift_length,created_by,modified_by,created_datetime,modified_datetime,version) VALUES ('2c91809150827756015089a2c9871fac','2c91809150827756015089a1fb6a1f9f','FRIDAY',{t '09:00:00'},6,{t '09:00:00'},'uchealth-user','uchealth-user',{ts '2015-10-21 02:02:38'},{ts '2015-10-21 02:02:38'},0);
INSERT INTO iq_nurse_coverage (iq_nurse_coverage_id,iq_unit_mstr_id,day,start_time,no_of_nurses,shift_length,created_by,modified_by,created_datetime,modified_datetime,version) VALUES ('2c91809150827756015089a2c9871fad','2c91809150827756015089a1fb6a1f9f','SATURDAY',{t '09:00:00'},6,{t '09:00:00'},'uchealth-user','uchealth-user',{ts '2015-10-21 02:02:38'},{ts '2015-10-21 02:02:38'},0);
INSERT INTO iq_nurse_coverage (iq_nurse_coverage_id,iq_unit_mstr_id,day,start_time,no_of_nurses,shift_length,created_by,modified_by,created_datetime,modified_datetime,version) VALUES ('2c91809c50c6caea0150cbcb9cca03a7','2c91809c50c6caea0150c799aebc039f','SUNDAY',{t '09:00:00'},4,{t '09:00:00'},'uchealth-user','uchealth-user',{ts '2015-11-02 21:22:10'},{ts '2015-11-02 21:22:10'},0);
INSERT INTO iq_nurse_coverage (iq_nurse_coverage_id,iq_unit_mstr_id,day,start_time,no_of_nurses,shift_length,created_by,modified_by,created_datetime,modified_datetime,version) VALUES ('2c91809c50c6caea0150cbcb9cca03a8','2c91809c50c6caea0150c799aebc039f','MONDAY',{t '09:00:00'},4,{t '09:00:00'},'uchealth-user','uchealth-user',{ts '2015-11-02 21:22:10'},{ts '2015-11-02 21:22:10'},0);
INSERT INTO iq_nurse_coverage (iq_nurse_coverage_id,iq_unit_mstr_id,day,start_time,no_of_nurses,shift_length,created_by,modified_by,created_datetime,modified_datetime,version) VALUES ('2c91809c50c6caea0150cbcb9cca03a9','2c91809c50c6caea0150c799aebc039f','TUESDAY',{t '09:00:00'},4,{t '09:00:00'},'uchealth-user','uchealth-user',{ts '2015-11-02 21:22:10'},{ts '2015-11-02 21:22:10'},0);
INSERT INTO iq_nurse_coverage (iq_nurse_coverage_id,iq_unit_mstr_id,day,start_time,no_of_nurses,shift_length,created_by,modified_by,created_datetime,modified_datetime,version) VALUES ('2c91809c50c6caea0150cbcb9cca03aa','2c91809c50c6caea0150c799aebc039f','WEDNESDAY',{t '09:00:00'},4,{t '09:00:00'},'uchealth-user','uchealth-user',{ts '2015-11-02 21:22:10'},{ts '2015-11-02 21:22:10'},0);
INSERT INTO iq_nurse_coverage (iq_nurse_coverage_id,iq_unit_mstr_id,day,start_time,no_of_nurses,shift_length,created_by,modified_by,created_datetime,modified_datetime,version) VALUES ('2c91809c50c6caea0150cbcb9cca03ab','2c91809c50c6caea0150c799aebc039f','THURSDAY',{t '09:00:00'},4,{t '09:00:00'},'uchealth-user','uchealth-user',{ts '2015-11-02 21:22:10'},{ts '2015-11-02 21:22:10'},0);
INSERT INTO iq_nurse_coverage (iq_nurse_coverage_id,iq_unit_mstr_id,day,start_time,no_of_nurses,shift_length,created_by,modified_by,created_datetime,modified_datetime,version) VALUES ('2c91809c50c6caea0150cbcb9cca03ac','2c91809c50c6caea0150c799aebc039f','FRIDAY',{t '09:00:00'},4,{t '09:00:00'},'uchealth-user','uchealth-user',{ts '2015-11-02 21:22:10'},{ts '2015-11-02 21:22:10'},0);
INSERT INTO iq_nurse_coverage (iq_nurse_coverage_id,iq_unit_mstr_id,day,start_time,no_of_nurses,shift_length,created_by,modified_by,created_datetime,modified_datetime,version) VALUES ('2c91809c50c6caea0150cbcb9cca03ad','2c91809c50c6caea0150c799aebc039f','SATURDAY',{t '09:00:00'},4,{t '09:00:00'},'uchealth-user','uchealth-user',{ts '2015-11-02 21:22:10'},{ts '2015-11-02 21:22:10'},0);
INSERT INTO iq_nurse_coverage (iq_nurse_coverage_id,iq_unit_mstr_id,day,start_time,no_of_nurses,shift_length,created_by,modified_by,created_datetime,modified_datetime,version) VALUES ('2c9180b05136059e015138ff6c02007b','2c91809c50c6caea0150c799aebc039f','MONDAY',{t '08:00:00'},0,{t '09:00:00'},'uchealth-user','uchealth-user',{ts '2015-11-24 02:17:22'},{ts '2015-11-24 02:17:22'},0);
INSERT INTO iq_nurse_coverage (iq_nurse_coverage_id,iq_unit_mstr_id,day,start_time,no_of_nurses,shift_length,created_by,modified_by,created_datetime,modified_datetime,version) VALUES ('2c9180b35139ee9901513c5f2b78001d','2c9180b35139ee9901513c5f2b5e0015','MONDAY',{t '08:00:00'},0,{t '09:00:00'},'uchealth-user','uchealth-user',{ts '2015-11-24 18:00:49'},{ts '2015-11-24 18:00:49'},0);
INSERT INTO iq_nurse_coverage (iq_nurse_coverage_id,iq_unit_mstr_id,day,start_time,no_of_nurses,shift_length,created_by,modified_by,created_datetime,modified_datetime,version) VALUES ('2c9180b35139ee9901513c5f2b78001e','2c9180b35139ee9901513c5f2b5e0015','SUNDAY',{t '08:00:00'},0,{t '09:00:00'},'uchealth-user','uchealth-user',{ts '2015-11-24 18:00:49'},{ts '2015-11-24 18:00:49'},0);
INSERT INTO iq_nurse_coverage (iq_nurse_coverage_id,iq_unit_mstr_id,day,start_time,no_of_nurses,shift_length,created_by,modified_by,created_datetime,modified_datetime,version) VALUES ('2c9180b35139ee9901513c5f2b78001f','2c9180b35139ee9901513c5f2b5e0015','WEDNESDAY',{t '08:00:00'},0,{t '09:00:00'},'uchealth-user','uchealth-user',{ts '2015-11-24 18:00:49'},{ts '2015-11-24 18:00:49'},0);
INSERT INTO iq_nurse_coverage (iq_nurse_coverage_id,iq_unit_mstr_id,day,start_time,no_of_nurses,shift_length,created_by,modified_by,created_datetime,modified_datetime,version) VALUES ('2c9180b35139ee9901513c5f2b780020','2c9180b35139ee9901513c5f2b5e0015','TUESDAY',{t '08:00:00'},0,{t '09:00:00'},'uchealth-user','uchealth-user',{ts '2015-11-24 18:00:49'},{ts '2015-11-24 18:00:49'},0);
INSERT INTO iq_nurse_coverage (iq_nurse_coverage_id,iq_unit_mstr_id,day,start_time,no_of_nurses,shift_length,created_by,modified_by,created_datetime,modified_datetime,version) VALUES ('2c9180b35139ee9901513c5f2b780021','2c9180b35139ee9901513c5f2b5e0015','SATURDAY',{t '08:00:00'},0,{t '09:00:00'},'uchealth-user','uchealth-user',{ts '2015-11-24 18:00:49'},{ts '2015-11-24 18:00:49'},0);
INSERT INTO iq_nurse_coverage (iq_nurse_coverage_id,iq_unit_mstr_id,day,start_time,no_of_nurses,shift_length,created_by,modified_by,created_datetime,modified_datetime,version) VALUES ('2c9180b35139ee9901513c5f2b780022','2c9180b35139ee9901513c5f2b5e0015','THURSDAY',{t '08:00:00'},0,{t '09:00:00'},'uchealth-user','uchealth-user',{ts '2015-11-24 18:00:49'},{ts '2015-11-24 18:00:49'},0);
INSERT INTO iq_nurse_coverage (iq_nurse_coverage_id,iq_unit_mstr_id,day,start_time,no_of_nurses,shift_length,created_by,modified_by,created_datetime,modified_datetime,version) VALUES ('2c9180b35139ee9901513c5f2b780023','2c9180b35139ee9901513c5f2b5e0015','FRIDAY',{t '08:00:00'},0,{t '09:00:00'},'uchealth-user','uchealth-user',{ts '2015-11-24 18:00:49'},{ts '2015-11-24 18:00:49'},0);
INSERT INTO iq_nurse_coverage (iq_nurse_coverage_id,iq_unit_mstr_id,day,start_time,no_of_nurses,shift_length,created_by,modified_by,created_datetime,modified_datetime,version) VALUES ('2c9180b35139ee9901513c831956002c','2c9180b35139ee9901513c83193d0024','SUNDAY',{t '08:00:00'},0,{t '09:00:00'},'uchealth-user','uchealth-user',{ts '2015-11-24 18:40:03'},{ts '2015-11-24 18:40:03'},0);
INSERT INTO iq_nurse_coverage (iq_nurse_coverage_id,iq_unit_mstr_id,day,start_time,no_of_nurses,shift_length,created_by,modified_by,created_datetime,modified_datetime,version) VALUES ('2c9180b35139ee9901513c831956002d','2c9180b35139ee9901513c83193d0024','WEDNESDAY',{t '08:00:00'},0,{t '09:00:00'},'uchealth-user','uchealth-user',{ts '2015-11-24 18:40:03'},{ts '2015-11-24 18:40:03'},0);
INSERT INTO iq_nurse_coverage (iq_nurse_coverage_id,iq_unit_mstr_id,day,start_time,no_of_nurses,shift_length,created_by,modified_by,created_datetime,modified_datetime,version) VALUES ('2c9180b35139ee9901513c831956002e','2c9180b35139ee9901513c83193d0024','SATURDAY',{t '08:00:00'},0,{t '09:00:00'},'uchealth-user','uchealth-user',{ts '2015-11-24 18:40:03'},{ts '2015-11-24 18:40:03'},0);
INSERT INTO iq_nurse_coverage (iq_nurse_coverage_id,iq_unit_mstr_id,day,start_time,no_of_nurses,shift_length,created_by,modified_by,created_datetime,modified_datetime,version) VALUES ('2c9180b35139ee9901513c831956002f','2c9180b35139ee9901513c83193d0024','MONDAY',{t '08:00:00'},0,{t '09:00:00'},'uchealth-user','uchealth-user',{ts '2015-11-24 18:40:03'},{ts '2015-11-24 18:40:03'},0);
INSERT INTO iq_nurse_coverage (iq_nurse_coverage_id,iq_unit_mstr_id,day,start_time,no_of_nurses,shift_length,created_by,modified_by,created_datetime,modified_datetime,version) VALUES ('2c9180b35139ee9901513c8319560030','2c9180b35139ee9901513c83193d0024','TUESDAY',{t '08:00:00'},0,{t '09:00:00'},'uchealth-user','uchealth-user',{ts '2015-11-24 18:40:03'},{ts '2015-11-24 18:40:03'},0);
INSERT INTO iq_nurse_coverage (iq_nurse_coverage_id,iq_unit_mstr_id,day,start_time,no_of_nurses,shift_length,created_by,modified_by,created_datetime,modified_datetime,version) VALUES ('2c9180b35139ee9901513c8319560031','2c9180b35139ee9901513c83193d0024','FRIDAY',{t '08:00:00'},0,{t '09:00:00'},'uchealth-user','uchealth-user',{ts '2015-11-24 18:40:03'},{ts '2015-11-24 18:40:03'},0);
INSERT INTO iq_nurse_coverage (iq_nurse_coverage_id,iq_unit_mstr_id,day,start_time,no_of_nurses,shift_length,created_by,modified_by,created_datetime,modified_datetime,version) VALUES ('2c9180b35139ee9901513c8319560032','2c9180b35139ee9901513c83193d0024','THURSDAY',{t '08:00:00'},0,{t '09:00:00'},'uchealth-user','uchealth-user',{ts '2015-11-24 18:40:03'},{ts '2015-11-24 18:40:03'},0);
INSERT INTO iq_nurse_coverage (iq_nurse_coverage_id,iq_unit_mstr_id,day,start_time,no_of_nurses,shift_length,created_by,modified_by,created_datetime,modified_datetime,version) VALUES ('2c9180b35139ee9901513e073a230055','2c9180b35139ee9901513e073a0a004d','MONDAY',{t '08:00:00'},0,{t '09:00:00'},'uchealth-user','uchealth-user',{ts '2015-11-25 01:44:00'},{ts '2015-11-25 01:44:00'},0);
INSERT INTO iq_nurse_coverage (iq_nurse_coverage_id,iq_unit_mstr_id,day,start_time,no_of_nurses,shift_length,created_by,modified_by,created_datetime,modified_datetime,version) VALUES ('2c9180b35139ee9901513e073a230056','2c9180b35139ee9901513e073a0a004d','THURSDAY',{t '08:00:00'},0,{t '09:00:00'},'uchealth-user','uchealth-user',{ts '2015-11-25 01:44:00'},{ts '2015-11-25 01:44:00'},0);
INSERT INTO iq_nurse_coverage (iq_nurse_coverage_id,iq_unit_mstr_id,day,start_time,no_of_nurses,shift_length,created_by,modified_by,created_datetime,modified_datetime,version) VALUES ('2c9180b35139ee9901513e073a230057','2c9180b35139ee9901513e073a0a004d','TUESDAY',{t '08:00:00'},0,{t '09:00:00'},'uchealth-user','uchealth-user',{ts '2015-11-25 01:44:00'},{ts '2015-11-25 01:44:00'},0);
INSERT INTO iq_nurse_coverage (iq_nurse_coverage_id,iq_unit_mstr_id,day,start_time,no_of_nurses,shift_length,created_by,modified_by,created_datetime,modified_datetime,version) VALUES ('2c9180b35139ee9901513e073a230058','2c9180b35139ee9901513e073a0a004d','SATURDAY',{t '08:00:00'},0,{t '09:00:00'},'uchealth-user','uchealth-user',{ts '2015-11-25 01:44:00'},{ts '2015-11-25 01:44:00'},0);
INSERT INTO iq_nurse_coverage (iq_nurse_coverage_id,iq_unit_mstr_id,day,start_time,no_of_nurses,shift_length,created_by,modified_by,created_datetime,modified_datetime,version) VALUES ('2c9180b35139ee9901513e073a230059','2c9180b35139ee9901513e073a0a004d','SUNDAY',{t '08:00:00'},0,{t '09:00:00'},'uchealth-user','uchealth-user',{ts '2015-11-25 01:44:00'},{ts '2015-11-25 01:44:00'},0);
INSERT INTO iq_nurse_coverage (iq_nurse_coverage_id,iq_unit_mstr_id,day,start_time,no_of_nurses,shift_length,created_by,modified_by,created_datetime,modified_datetime,version) VALUES ('2c9180b35139ee9901513e073a23005a','2c9180b35139ee9901513e073a0a004d','WEDNESDAY',{t '08:00:00'},0,{t '09:00:00'},'uchealth-user','uchealth-user',{ts '2015-11-25 01:44:00'},{ts '2015-11-25 01:44:00'},0);
INSERT INTO iq_nurse_coverage (iq_nurse_coverage_id,iq_unit_mstr_id,day,start_time,no_of_nurses,shift_length,created_by,modified_by,created_datetime,modified_datetime,version) VALUES ('2c9180b35139ee9901513e073a23005b','2c9180b35139ee9901513e073a0a004d','FRIDAY',{t '08:00:00'},0,{t '09:00:00'},'uchealth-user','uchealth-user',{ts '2015-11-25 01:44:00'},{ts '2015-11-25 01:44:00'},0);
INSERT INTO iq_nurse_coverage (iq_nurse_coverage_id,iq_unit_mstr_id,day,start_time,no_of_nurses,shift_length,created_by,modified_by,created_datetime,modified_datetime,version) VALUES ('2c9180b8513f3c7401513f599ac50008','2c9180b8513f3c7401513f599aa10000','SATURDAY',{t '08:00:00'},0,{t '09:00:00'},'uchealth-user','uchealth-user',{ts '2015-11-25 07:53:36'},{ts '2015-11-25 07:53:36'},0);
INSERT INTO iq_nurse_coverage (iq_nurse_coverage_id,iq_unit_mstr_id,day,start_time,no_of_nurses,shift_length,created_by,modified_by,created_datetime,modified_datetime,version) VALUES ('2c9180b8513f3c7401513f599ac50009','2c9180b8513f3c7401513f599aa10000','SUNDAY',{t '08:00:00'},0,{t '09:00:00'},'uchealth-user','uchealth-user',{ts '2015-11-25 07:53:36'},{ts '2015-11-25 07:53:36'},0);
INSERT INTO iq_nurse_coverage (iq_nurse_coverage_id,iq_unit_mstr_id,day,start_time,no_of_nurses,shift_length,created_by,modified_by,created_datetime,modified_datetime,version) VALUES ('2c9180b8513f3c7401513f599ac5000a','2c9180b8513f3c7401513f599aa10000','FRIDAY',{t '08:00:00'},0,{t '09:00:00'},'uchealth-user','uchealth-user',{ts '2015-11-25 07:53:36'},{ts '2015-11-25 07:53:36'},0);
INSERT INTO iq_nurse_coverage (iq_nurse_coverage_id,iq_unit_mstr_id,day,start_time,no_of_nurses,shift_length,created_by,modified_by,created_datetime,modified_datetime,version) VALUES ('2c9180b8513f3c7401513f599ac5000b','2c9180b8513f3c7401513f599aa10000','THURSDAY',{t '08:00:00'},0,{t '09:00:00'},'uchealth-user','uchealth-user',{ts '2015-11-25 07:53:36'},{ts '2015-11-25 07:53:36'},0);
INSERT INTO iq_nurse_coverage (iq_nurse_coverage_id,iq_unit_mstr_id,day,start_time,no_of_nurses,shift_length,created_by,modified_by,created_datetime,modified_datetime,version) VALUES ('2c9180b8513f3c7401513f599ac5000c','2c9180b8513f3c7401513f599aa10000','MONDAY',{t '08:00:00'},0,{t '09:00:00'},'uchealth-user','uchealth-user',{ts '2015-11-25 07:53:36'},{ts '2015-11-25 07:53:36'},0);
INSERT INTO iq_nurse_coverage (iq_nurse_coverage_id,iq_unit_mstr_id,day,start_time,no_of_nurses,shift_length,created_by,modified_by,created_datetime,modified_datetime,version) VALUES ('2c9180b8513f3c7401513f599ac5000d','2c9180b8513f3c7401513f599aa10000','WEDNESDAY',{t '08:00:00'},0,{t '09:00:00'},'uchealth-user','uchealth-user',{ts '2015-11-25 07:53:36'},{ts '2015-11-25 07:53:36'},0);
INSERT INTO iq_nurse_coverage (iq_nurse_coverage_id,iq_unit_mstr_id,day,start_time,no_of_nurses,shift_length,created_by,modified_by,created_datetime,modified_datetime,version) VALUES ('2c9180b8513f3c7401513f599ac6000e','2c9180b8513f3c7401513f599aa10000','TUESDAY',{t '08:00:00'},0,{t '09:00:00'},'uchealth-user','uchealth-user',{ts '2015-11-25 07:53:36'},{ts '2015-11-25 07:53:36'},0);
INSERT INTO iq_nurse_coverage (iq_nurse_coverage_id,iq_unit_mstr_id,day,start_time,no_of_nurses,shift_length,created_by,modified_by,created_datetime,modified_datetime,version) VALUES ('2c9180b8513f3c74015140a520080017','2c9180b8513f3c74015140a51fee000f','TUESDAY',{t '08:00:00'},0,{t '09:00:00'},'uchealth-user','uchealth-user',{ts '2015-11-25 13:55:42'},{ts '2015-11-25 13:55:42'},0);
INSERT INTO iq_nurse_coverage (iq_nurse_coverage_id,iq_unit_mstr_id,day,start_time,no_of_nurses,shift_length,created_by,modified_by,created_datetime,modified_datetime,version) VALUES ('2c9180b8513f3c74015140a520080018','2c9180b8513f3c74015140a51fee000f','WEDNESDAY',{t '08:00:00'},0,{t '09:00:00'},'uchealth-user','uchealth-user',{ts '2015-11-25 13:55:42'},{ts '2015-11-25 13:55:42'},0);
INSERT INTO iq_nurse_coverage (iq_nurse_coverage_id,iq_unit_mstr_id,day,start_time,no_of_nurses,shift_length,created_by,modified_by,created_datetime,modified_datetime,version) VALUES ('2c9180b8513f3c74015140a520080019','2c9180b8513f3c74015140a51fee000f','MONDAY',{t '08:00:00'},0,{t '09:00:00'},'uchealth-user','uchealth-user',{ts '2015-11-25 13:55:42'},{ts '2015-11-25 13:55:42'},0);
INSERT INTO iq_nurse_coverage (iq_nurse_coverage_id,iq_unit_mstr_id,day,start_time,no_of_nurses,shift_length,created_by,modified_by,created_datetime,modified_datetime,version) VALUES ('2c9180b8513f3c74015140a52008001a','2c9180b8513f3c74015140a51fee000f','FRIDAY',{t '08:00:00'},0,{t '09:00:00'},'uchealth-user','uchealth-user',{ts '2015-11-25 13:55:42'},{ts '2015-11-25 13:55:42'},0);
INSERT INTO iq_nurse_coverage (iq_nurse_coverage_id,iq_unit_mstr_id,day,start_time,no_of_nurses,shift_length,created_by,modified_by,created_datetime,modified_datetime,version) VALUES ('2c9180b8513f3c74015140a52008001b','2c9180b8513f3c74015140a51fee000f','SUNDAY',{t '08:00:00'},0,{t '09:00:00'},'uchealth-user','uchealth-user',{ts '2015-11-25 13:55:42'},{ts '2015-11-25 13:55:42'},0);
INSERT INTO iq_nurse_coverage (iq_nurse_coverage_id,iq_unit_mstr_id,day,start_time,no_of_nurses,shift_length,created_by,modified_by,created_datetime,modified_datetime,version) VALUES ('2c9180b8513f3c74015140a52008001c','2c9180b8513f3c74015140a51fee000f','THURSDAY',{t '08:00:00'},0,{t '09:00:00'},'uchealth-user','uchealth-user',{ts '2015-11-25 13:55:42'},{ts '2015-11-25 13:55:42'},0);
INSERT INTO iq_nurse_coverage (iq_nurse_coverage_id,iq_unit_mstr_id,day,start_time,no_of_nurses,shift_length,created_by,modified_by,created_datetime,modified_datetime,version) VALUES ('2c9180b8513f3c74015140a52009001d','2c9180b8513f3c74015140a51fee000f','SATURDAY',{t '08:00:00'},0,{t '09:00:00'},'uchealth-user','uchealth-user',{ts '2015-11-25 13:55:42'},{ts '2015-11-25 13:55:42'},0);
INSERT INTO iq_nurse_coverage (iq_nurse_coverage_id,iq_unit_mstr_id,day,start_time,no_of_nurses,shift_length,created_by,modified_by,created_datetime,modified_datetime,version) VALUES ('2c9180b8513f3c74015140a9de9a0044','2c9180b8513f3c74015140a9de86003c','SATURDAY',{t '08:00:00'},0,{t '09:00:00'},'uchealth-user','uchealth-user',{ts '2015-11-25 14:00:53'},{ts '2015-11-25 14:00:53'},0);
INSERT INTO iq_nurse_coverage (iq_nurse_coverage_id,iq_unit_mstr_id,day,start_time,no_of_nurses,shift_length,created_by,modified_by,created_datetime,modified_datetime,version) VALUES ('2c9180b8513f3c74015140a9de9a0045','2c9180b8513f3c74015140a9de86003c','THURSDAY',{t '08:00:00'},0,{t '09:00:00'},'uchealth-user','uchealth-user',{ts '2015-11-25 14:00:53'},{ts '2015-11-25 14:00:53'},0);
INSERT INTO iq_nurse_coverage (iq_nurse_coverage_id,iq_unit_mstr_id,day,start_time,no_of_nurses,shift_length,created_by,modified_by,created_datetime,modified_datetime,version) VALUES ('2c9180b8513f3c74015140a9de9a0046','2c9180b8513f3c74015140a9de86003c','SUNDAY',{t '08:00:00'},0,{t '09:00:00'},'uchealth-user','uchealth-user',{ts '2015-11-25 14:00:53'},{ts '2015-11-25 14:00:53'},0);
INSERT INTO iq_nurse_coverage (iq_nurse_coverage_id,iq_unit_mstr_id,day,start_time,no_of_nurses,shift_length,created_by,modified_by,created_datetime,modified_datetime,version) VALUES ('2c9180b8513f3c74015140a9de9a0047','2c9180b8513f3c74015140a9de86003c','FRIDAY',{t '08:00:00'},0,{t '09:00:00'},'uchealth-user','uchealth-user',{ts '2015-11-25 14:00:53'},{ts '2015-11-25 14:00:53'},0);
INSERT INTO iq_nurse_coverage (iq_nurse_coverage_id,iq_unit_mstr_id,day,start_time,no_of_nurses,shift_length,created_by,modified_by,created_datetime,modified_datetime,version) VALUES ('2c9180b8513f3c74015140a9de9b0048','2c9180b8513f3c74015140a9de86003c','WEDNESDAY',{t '08:00:00'},0,{t '09:00:00'},'uchealth-user','uchealth-user',{ts '2015-11-25 14:00:53'},{ts '2015-11-25 14:00:53'},0);
INSERT INTO iq_nurse_coverage (iq_nurse_coverage_id,iq_unit_mstr_id,day,start_time,no_of_nurses,shift_length,created_by,modified_by,created_datetime,modified_datetime,version) VALUES ('2c9180b8513f3c74015140a9de9b0049','2c9180b8513f3c74015140a9de86003c','TUESDAY',{t '08:00:00'},0,{t '09:00:00'},'uchealth-user','uchealth-user',{ts '2015-11-25 14:00:53'},{ts '2015-11-25 14:00:53'},0);
INSERT INTO iq_nurse_coverage (iq_nurse_coverage_id,iq_unit_mstr_id,day,start_time,no_of_nurses,shift_length,created_by,modified_by,created_datetime,modified_datetime,version) VALUES ('2c9180b8513f3c74015140a9de9b004a','2c9180b8513f3c74015140a9de86003c','MONDAY',{t '08:00:00'},0,{t '09:00:00'},'uchealth-user','uchealth-user',{ts '2015-11-25 14:00:53'},{ts '2015-11-25 14:00:53'},0);
INSERT INTO iq_nurse_coverage (iq_nurse_coverage_id,iq_unit_mstr_id,day,start_time,no_of_nurses,shift_length,created_by,modified_by,created_datetime,modified_datetime,version) VALUES ('2c9180b8513f3c740151421dba480062','2c9180b8513f3c740151421dba34005a','SUNDAY',{t '08:00:00'},0,{t '09:00:00'},'uchealth-user','uchealth-user',{ts '2015-11-25 20:47:03'},{ts '2015-11-25 20:47:03'},0);
INSERT INTO iq_nurse_coverage (iq_nurse_coverage_id,iq_unit_mstr_id,day,start_time,no_of_nurses,shift_length,created_by,modified_by,created_datetime,modified_datetime,version) VALUES ('2c9180b8513f3c740151421dba480063','2c9180b8513f3c740151421dba34005a','WEDNESDAY',{t '08:00:00'},0,{t '09:00:00'},'uchealth-user','uchealth-user',{ts '2015-11-25 20:47:03'},{ts '2015-11-25 20:47:03'},0);
INSERT INTO iq_nurse_coverage (iq_nurse_coverage_id,iq_unit_mstr_id,day,start_time,no_of_nurses,shift_length,created_by,modified_by,created_datetime,modified_datetime,version) VALUES ('2c9180b8513f3c740151421dba480064','2c9180b8513f3c740151421dba34005a','TUESDAY',{t '08:00:00'},0,{t '09:00:00'},'uchealth-user','uchealth-user',{ts '2015-11-25 20:47:03'},{ts '2015-11-25 20:47:03'},0);
INSERT INTO iq_nurse_coverage (iq_nurse_coverage_id,iq_unit_mstr_id,day,start_time,no_of_nurses,shift_length,created_by,modified_by,created_datetime,modified_datetime,version) VALUES ('2c9180b8513f3c740151421dba480065','2c9180b8513f3c740151421dba34005a','SATURDAY',{t '08:00:00'},0,{t '09:00:00'},'uchealth-user','uchealth-user',{ts '2015-11-25 20:47:03'},{ts '2015-11-25 20:47:03'},0);
INSERT INTO iq_nurse_coverage (iq_nurse_coverage_id,iq_unit_mstr_id,day,start_time,no_of_nurses,shift_length,created_by,modified_by,created_datetime,modified_datetime,version) VALUES ('2c9180b8513f3c740151421dba480067','2c9180b8513f3c740151421dba34005a','THURSDAY',{t '08:00:00'},0,{t '09:00:00'},'uchealth-user','uchealth-user',{ts '2015-11-25 20:47:03'},{ts '2015-11-25 20:47:03'},0);
INSERT INTO iq_nurse_coverage (iq_nurse_coverage_id,iq_unit_mstr_id,day,start_time,no_of_nurses,shift_length,created_by,modified_by,created_datetime,modified_datetime,version) VALUES ('2c9180b8513f3c740151421dba490068','2c9180b8513f3c740151421dba34005a','FRIDAY',{t '08:00:00'},0,{t '09:00:00'},'uchealth-user','uchealth-user',{ts '2015-11-25 20:47:03'},{ts '2015-11-25 20:47:03'},0);
INSERT INTO iq_nurse_coverage (iq_nurse_coverage_id,iq_unit_mstr_id,day,start_time,no_of_nurses,shift_length,created_by,modified_by,created_datetime,modified_datetime,version) VALUES ('2c9180b8513f3c7401514249d9c2008f','2c9180b8513f3c7401514249d9b00087','SUNDAY',{t '08:00:00'},0,{t '09:00:00'},'uchealth-user','uchealth-user',{ts '2015-11-25 21:35:15'},{ts '2015-11-25 21:35:15'},0);
INSERT INTO iq_nurse_coverage (iq_nurse_coverage_id,iq_unit_mstr_id,day,start_time,no_of_nurses,shift_length,created_by,modified_by,created_datetime,modified_datetime,version) VALUES ('2c9180b8513f3c7401514249d9c20090','2c9180b8513f3c7401514249d9b00087','TUESDAY',{t '08:00:00'},0,{t '09:00:00'},'uchealth-user','uchealth-user',{ts '2015-11-25 21:35:15'},{ts '2015-11-25 21:35:15'},0);
INSERT INTO iq_nurse_coverage (iq_nurse_coverage_id,iq_unit_mstr_id,day,start_time,no_of_nurses,shift_length,created_by,modified_by,created_datetime,modified_datetime,version) VALUES ('2c9180b8513f3c7401514249d9c20091','2c9180b8513f3c7401514249d9b00087','THURSDAY',{t '08:00:00'},0,{t '09:00:00'},'uchealth-user','uchealth-user',{ts '2015-11-25 21:35:15'},{ts '2015-11-25 21:35:15'},0);
INSERT INTO iq_nurse_coverage (iq_nurse_coverage_id,iq_unit_mstr_id,day,start_time,no_of_nurses,shift_length,created_by,modified_by,created_datetime,modified_datetime,version) VALUES ('2c9180b8513f3c7401514249d9c20092','2c9180b8513f3c7401514249d9b00087','WEDNESDAY',{t '08:00:00'},0,{t '09:00:00'},'uchealth-user','uchealth-user',{ts '2015-11-25 21:35:15'},{ts '2015-11-25 21:35:15'},0);
INSERT INTO iq_nurse_coverage (iq_nurse_coverage_id,iq_unit_mstr_id,day,start_time,no_of_nurses,shift_length,created_by,modified_by,created_datetime,modified_datetime,version) VALUES ('2c9180b8513f3c7401514249d9c20093','2c9180b8513f3c7401514249d9b00087','FRIDAY',{t '08:00:00'},0,{t '09:00:00'},'uchealth-user','uchealth-user',{ts '2015-11-25 21:35:15'},{ts '2015-11-25 21:35:15'},0);
INSERT INTO iq_nurse_coverage (iq_nurse_coverage_id,iq_unit_mstr_id,day,start_time,no_of_nurses,shift_length,created_by,modified_by,created_datetime,modified_datetime,version) VALUES ('2c9180b8513f3c7401514249d9c20094','2c9180b8513f3c7401514249d9b00087','MONDAY',{t '08:00:00'},0,{t '09:00:00'},'uchealth-user','uchealth-user',{ts '2015-11-25 21:35:15'},{ts '2015-11-25 21:35:15'},0);
INSERT INTO iq_nurse_coverage (iq_nurse_coverage_id,iq_unit_mstr_id,day,start_time,no_of_nurses,shift_length,created_by,modified_by,created_datetime,modified_datetime,version) VALUES ('2c9180b8513f3c7401514249d9c20095','2c9180b8513f3c7401514249d9b00087','SATURDAY',{t '08:00:00'},0,{t '09:00:00'},'uchealth-user','uchealth-user',{ts '2015-11-25 21:35:15'},{ts '2015-11-25 21:35:15'},0);
INSERT INTO iq_nurse_coverage (iq_nurse_coverage_id,iq_unit_mstr_id,day,start_time,no_of_nurses,shift_length,created_by,modified_by,created_datetime,modified_datetime,version) VALUES ('2c9180b9514468a0015144c9a6e20009','2c9180b9514468a0015144c9a6b60001','TUESDAY',{t '08:00:00'},0,{t '09:00:00'},'uchealth-user','uchealth-user',{ts '2015-11-26 09:14:05'},{ts '2015-11-26 09:14:05'},0);
INSERT INTO iq_nurse_coverage (iq_nurse_coverage_id,iq_unit_mstr_id,day,start_time,no_of_nurses,shift_length,created_by,modified_by,created_datetime,modified_datetime,version) VALUES ('2c9180b9514468a0015144c9a6e2000a','2c9180b9514468a0015144c9a6b60001','THURSDAY',{t '08:00:00'},0,{t '09:00:00'},'uchealth-user','uchealth-user',{ts '2015-11-26 09:14:05'},{ts '2015-11-26 09:14:05'},0);
INSERT INTO iq_nurse_coverage (iq_nurse_coverage_id,iq_unit_mstr_id,day,start_time,no_of_nurses,shift_length,created_by,modified_by,created_datetime,modified_datetime,version) VALUES ('2c9180b9514468a0015144c9a6e2000b','2c9180b9514468a0015144c9a6b60001','FRIDAY',{t '08:00:00'},0,{t '09:00:00'},'uchealth-user','uchealth-user',{ts '2015-11-26 09:14:05'},{ts '2015-11-26 09:14:05'},0);
INSERT INTO iq_nurse_coverage (iq_nurse_coverage_id,iq_unit_mstr_id,day,start_time,no_of_nurses,shift_length,created_by,modified_by,created_datetime,modified_datetime,version) VALUES ('2c9180b9514468a0015144c9a6e2000d','2c9180b9514468a0015144c9a6b60001','SUNDAY',{t '08:00:00'},0,{t '09:00:00'},'uchealth-user','uchealth-user',{ts '2015-11-26 09:14:05'},{ts '2015-11-26 09:14:05'},0);
INSERT INTO iq_nurse_coverage (iq_nurse_coverage_id,iq_unit_mstr_id,day,start_time,no_of_nurses,shift_length,created_by,modified_by,created_datetime,modified_datetime,version) VALUES ('2c9180b9514468a0015144c9a6e2000e','2c9180b9514468a0015144c9a6b60001','SATURDAY',{t '08:00:00'},0,{t '09:00:00'},'uchealth-user','uchealth-user',{ts '2015-11-26 09:14:05'},{ts '2015-11-26 09:14:05'},0);
INSERT INTO iq_nurse_coverage (iq_nurse_coverage_id,iq_unit_mstr_id,day,start_time,no_of_nurses,shift_length,created_by,modified_by,created_datetime,modified_datetime,version) VALUES ('2c9180b9514468a0015144c9a6e2000f','2c9180b9514468a0015144c9a6b60001','WEDNESDAY',{t '08:00:00'},0,{t '09:00:00'},'uchealth-user','uchealth-user',{ts '2015-11-26 09:14:05'},{ts '2015-11-26 09:14:05'},0);
INSERT INTO iq_nurse_coverage (iq_nurse_coverage_id,iq_unit_mstr_id,day,start_time,no_of_nurses,shift_length,created_by,modified_by,created_datetime,modified_datetime,version) VALUES ('2c9180b9514468a001514739e0ca0019','2c9180b9514468a001514739e0b00011','WEDNESDAY',{t '08:00:00'},0,{t '09:00:00'},'uchealth-user','uchealth-user',{ts '2015-11-26 20:35:54'},{ts '2015-11-26 20:35:54'},0);
INSERT INTO iq_nurse_coverage (iq_nurse_coverage_id,iq_unit_mstr_id,day,start_time,no_of_nurses,shift_length,created_by,modified_by,created_datetime,modified_datetime,version) VALUES ('2c9180b9514468a001514739e0ca001a','2c9180b9514468a001514739e0b00011','THURSDAY',{t '08:00:00'},0,{t '09:00:00'},'uchealth-user','uchealth-user',{ts '2015-11-26 20:35:54'},{ts '2015-11-26 20:35:54'},0);
INSERT INTO iq_nurse_coverage (iq_nurse_coverage_id,iq_unit_mstr_id,day,start_time,no_of_nurses,shift_length,created_by,modified_by,created_datetime,modified_datetime,version) VALUES ('2c9180b9514468a001514739e0ca001b','2c9180b9514468a001514739e0b00011','FRIDAY',{t '08:00:00'},0,{t '09:00:00'},'uchealth-user','uchealth-user',{ts '2015-11-26 20:35:54'},{ts '2015-11-26 20:35:54'},0);
INSERT INTO iq_nurse_coverage (iq_nurse_coverage_id,iq_unit_mstr_id,day,start_time,no_of_nurses,shift_length,created_by,modified_by,created_datetime,modified_datetime,version) VALUES ('2c9180b9514468a001514739e0ca001c','2c9180b9514468a001514739e0b00011','SATURDAY',{t '08:00:00'},0,{t '09:00:00'},'uchealth-user','uchealth-user',{ts '2015-11-26 20:35:54'},{ts '2015-11-26 20:35:54'},0);
INSERT INTO iq_nurse_coverage (iq_nurse_coverage_id,iq_unit_mstr_id,day,start_time,no_of_nurses,shift_length,created_by,modified_by,created_datetime,modified_datetime,version) VALUES ('2c9180b9514468a001514739e0ca001d','2c9180b9514468a001514739e0b00011','SUNDAY',{t '08:00:00'},0,{t '09:00:00'},'uchealth-user','uchealth-user',{ts '2015-11-26 20:35:54'},{ts '2015-11-26 20:35:54'},0);
INSERT INTO iq_nurse_coverage (iq_nurse_coverage_id,iq_unit_mstr_id,day,start_time,no_of_nurses,shift_length,created_by,modified_by,created_datetime,modified_datetime,version) VALUES ('2c9180b9514468a001514739e0ca001e','2c9180b9514468a001514739e0b00011','TUESDAY',{t '08:00:00'},0,{t '09:00:00'},'uchealth-user','uchealth-user',{ts '2015-11-26 20:35:54'},{ts '2015-11-26 20:35:54'},0);
INSERT INTO iq_nurse_coverage (iq_nurse_coverage_id,iq_unit_mstr_id,day,start_time,no_of_nurses,shift_length,created_by,modified_by,created_datetime,modified_datetime,version) VALUES ('2c9180b9514468a001514739e0ca001f','2c9180b9514468a001514739e0b00011','MONDAY',{t '08:00:00'},0,{t '09:00:00'},'uchealth-user','uchealth-user',{ts '2015-11-26 20:35:54'},{ts '2015-11-26 20:35:54'},0);
INSERT INTO iq_nurse_coverage (iq_nurse_coverage_id,iq_unit_mstr_id,day,start_time,no_of_nurses,shift_length,created_by,modified_by,created_datetime,modified_datetime,version) VALUES ('2c9180b9514468a00151485906370098','2c9180b9514468a00151485906260090','FRIDAY',{t '08:00:00'},0,{t '09:00:00'},'uchealth-user','uchealth-user',{ts '2015-11-27 01:49:33'},{ts '2015-11-27 01:49:33'},0);
INSERT INTO iq_nurse_coverage (iq_nurse_coverage_id,iq_unit_mstr_id,day,start_time,no_of_nurses,shift_length,created_by,modified_by,created_datetime,modified_datetime,version) VALUES ('2c9180b9514468a00151485906370099','2c9180b9514468a00151485906260090','SUNDAY',{t '08:00:00'},0,{t '09:00:00'},'uchealth-user','uchealth-user',{ts '2015-11-27 01:49:33'},{ts '2015-11-27 01:49:33'},0);
INSERT INTO iq_nurse_coverage (iq_nurse_coverage_id,iq_unit_mstr_id,day,start_time,no_of_nurses,shift_length,created_by,modified_by,created_datetime,modified_datetime,version) VALUES ('2c9180b9514468a0015148590637009a','2c9180b9514468a00151485906260090','TUESDAY',{t '08:00:00'},0,{t '09:00:00'},'uchealth-user','uchealth-user',{ts '2015-11-27 01:49:33'},{ts '2015-11-27 01:49:33'},0);
INSERT INTO iq_nurse_coverage (iq_nurse_coverage_id,iq_unit_mstr_id,day,start_time,no_of_nurses,shift_length,created_by,modified_by,created_datetime,modified_datetime,version) VALUES ('2c9180b9514468a0015148590637009b','2c9180b9514468a00151485906260090','SATURDAY',{t '08:00:00'},0,{t '09:00:00'},'uchealth-user','uchealth-user',{ts '2015-11-27 01:49:33'},{ts '2015-11-27 01:49:33'},0);
INSERT INTO iq_nurse_coverage (iq_nurse_coverage_id,iq_unit_mstr_id,day,start_time,no_of_nurses,shift_length,created_by,modified_by,created_datetime,modified_datetime,version) VALUES ('2c9180b9514468a0015148590637009c','2c9180b9514468a00151485906260090','MONDAY',{t '08:00:00'},0,{t '09:00:00'},'uchealth-user','uchealth-user',{ts '2015-11-27 01:49:33'},{ts '2015-11-27 01:49:33'},0);
INSERT INTO iq_nurse_coverage (iq_nurse_coverage_id,iq_unit_mstr_id,day,start_time,no_of_nurses,shift_length,created_by,modified_by,created_datetime,modified_datetime,version) VALUES ('2c9180b9514468a0015148590637009d','2c9180b9514468a00151485906260090','THURSDAY',{t '08:00:00'},0,{t '09:00:00'},'uchealth-user','uchealth-user',{ts '2015-11-27 01:49:33'},{ts '2015-11-27 01:49:33'},0);
INSERT INTO iq_nurse_coverage (iq_nurse_coverage_id,iq_unit_mstr_id,day,start_time,no_of_nurses,shift_length,created_by,modified_by,created_datetime,modified_datetime,version) VALUES ('2c9180b9514468a0015148590637009e','2c9180b9514468a00151485906260090','WEDNESDAY',{t '08:00:00'},0,{t '09:00:00'},'uchealth-user','uchealth-user',{ts '2015-11-27 01:49:33'},{ts '2015-11-27 01:49:33'},0);
INSERT INTO iq_nurse_coverage (iq_nurse_coverage_id,iq_unit_mstr_id,day,start_time,no_of_nurses,shift_length,created_by,modified_by,created_datetime,modified_datetime,version) VALUES ('2c9180bd51491b300151491fc7710018','2c9180bd51491b300151491fc7630010','WEDNESDAY',{t '08:00:00'},0,{t '09:00:00'},'uchealth-user','uchealth-user',{ts '2015-11-27 05:26:38'},{ts '2015-11-27 05:26:38'},0);
INSERT INTO iq_nurse_coverage (iq_nurse_coverage_id,iq_unit_mstr_id,day,start_time,no_of_nurses,shift_length,created_by,modified_by,created_datetime,modified_datetime,version) VALUES ('2c9180bd51491b300151491fc7720019','2c9180bd51491b300151491fc7630010','SUNDAY',{t '08:00:00'},0,{t '09:00:00'},'uchealth-user','uchealth-user',{ts '2015-11-27 05:26:38'},{ts '2015-11-27 05:26:38'},0);
INSERT INTO iq_nurse_coverage (iq_nurse_coverage_id,iq_unit_mstr_id,day,start_time,no_of_nurses,shift_length,created_by,modified_by,created_datetime,modified_datetime,version) VALUES ('2c9180bd51491b300151491fc772001a','2c9180bd51491b300151491fc7630010','TUESDAY',{t '08:00:00'},0,{t '09:00:00'},'uchealth-user','uchealth-user',{ts '2015-11-27 05:26:38'},{ts '2015-11-27 05:26:38'},0);
INSERT INTO iq_nurse_coverage (iq_nurse_coverage_id,iq_unit_mstr_id,day,start_time,no_of_nurses,shift_length,created_by,modified_by,created_datetime,modified_datetime,version) VALUES ('2c9180bd51491b300151491fc772001b','2c9180bd51491b300151491fc7630010','THURSDAY',{t '08:00:00'},0,{t '09:00:00'},'uchealth-user','uchealth-user',{ts '2015-11-27 05:26:38'},{ts '2015-11-27 05:26:38'},0);
INSERT INTO iq_nurse_coverage (iq_nurse_coverage_id,iq_unit_mstr_id,day,start_time,no_of_nurses,shift_length,created_by,modified_by,created_datetime,modified_datetime,version) VALUES ('2c9180bd51491b300151491fc772001c','2c9180bd51491b300151491fc7630010','SATURDAY',{t '08:00:00'},0,{t '09:00:00'},'uchealth-user','uchealth-user',{ts '2015-11-27 05:26:38'},{ts '2015-11-27 05:26:38'},0);
INSERT INTO iq_nurse_coverage (iq_nurse_coverage_id,iq_unit_mstr_id,day,start_time,no_of_nurses,shift_length,created_by,modified_by,created_datetime,modified_datetime,version) VALUES ('2c9180bd51491b300151491fc772001d','2c9180bd51491b300151491fc7630010','FRIDAY',{t '08:00:00'},0,{t '09:00:00'},'uchealth-user','uchealth-user',{ts '2015-11-27 05:26:38'},{ts '2015-11-27 05:26:38'},0);
INSERT INTO iq_nurse_coverage (iq_nurse_coverage_id,iq_unit_mstr_id,day,start_time,no_of_nurses,shift_length,created_by,modified_by,created_datetime,modified_datetime,version) VALUES ('2c9180bd51491b300151491fc772001e','2c9180bd51491b300151491fc7630010','MONDAY',{t '08:00:00'},0,{t '09:00:00'},'uchealth-user','uchealth-user',{ts '2015-11-27 05:26:38'},{ts '2015-11-27 05:26:38'},0);
INSERT INTO iq_nurse_coverage (iq_nurse_coverage_id,iq_unit_mstr_id,day,start_time,no_of_nurses,shift_length,created_by,modified_by,created_datetime,modified_datetime,version) VALUES ('2c9180be51496a7d015156ab26bb0000','2c9180b8513f3c740151421dba34005a','TUESDAY',{t '08:00:00'},0,{t '09:00:00'},'uchealth-user','uchealth-user',{ts '2015-11-29 20:33:56'},{ts '2015-11-29 20:33:56'},0);


INSERT INTO iq_holidays_per_unit (iq_holidays_per_unit_id,iq_unit_mstr_id,name_of_the_holiday,date,day,from_time,to_time,last_appt_time,created_by,modified_by,created_datetime,modified_datetime,version) VALUES ('2c91809d50d4746f0150d642d4980000','2c9180885015fd7f0150366ba849001a','holi',{d '2015-11-17'},'TUESDAY',{t '09:00:00'},{t '21:00:00'},{t '21:00:00'},'uchealth-user','uchealth-user',{ts '2015-11-04 22:08:35'},{ts '2015-11-04 22:08:35'},0);
INSERT INTO iq_holidays_per_unit (iq_holidays_per_unit_id,iq_unit_mstr_id,name_of_the_holiday,date,day,from_time,to_time,last_appt_time,created_by,modified_by,created_datetime,modified_datetime,version) VALUES ('2c9180b35139ee9901513c8ac27c0033','2c9180b35139ee9901513c83193d0024','Christmas',{d '2015-12-25'},'FRIDAY',{t '08:00:00'},{t '08:00:00'},{t '08:00:00'},'uchealth-user','uchealth-user',{ts '2015-11-24 18:48:25'},{ts '2015-11-24 18:48:25'},0);
INSERT INTO iq_holidays_per_unit (iq_holidays_per_unit_id,iq_unit_mstr_id,name_of_the_holiday,date,day,from_time,to_time,last_appt_time,created_by,modified_by,created_datetime,modified_datetime,version) VALUES ('2c9180b35139ee9901513c8b22d90034','2c9180b35139ee9901513c83193d0024','Thanksgiving',{d '2015-11-26'},'THURSDAY',{t '08:00:00'},{t '08:00:00'},{t '08:00:00'},'uchealth-user','uchealth-user',{ts '2015-11-24 18:48:50'},{ts '2015-11-24 18:48:50'},0);
INSERT INTO iq_holidays_per_unit (iq_holidays_per_unit_id,iq_unit_mstr_id,name_of_the_holiday,date,day,from_time,to_time,last_appt_time,created_by,modified_by,created_datetime,modified_datetime,version) VALUES ('2c9180b9514468a00151446aebbb0000','2c9180b8513f3c740151421dba34005a','Christmas',{d '2015-12-25'},'FRIDAY',{t '08:00:00'},{t '17:00:00'},{t '15:30:00'},'uchealth-user','uchealth-user',{ts '2015-11-26 07:30:37'},{ts '2015-11-26 07:30:37'},0);
INSERT INTO iq_holidays_per_unit (iq_holidays_per_unit_id,iq_unit_mstr_id,name_of_the_holiday,date,day,from_time,to_time,last_appt_time,created_by,modified_by,created_datetime,modified_datetime,version) VALUES ('2c9180b9514468a0015144ca8cad0010','2c9180b9514468a0015144c9a6b60001','christmas',{d '2015-12-25'},'FRIDAY',{t '08:00:00'},{t '09:30:00'},{t '08:00:00'},'uchealth-user','uchealth-user',{ts '2015-11-26 09:15:04'},{ts '2015-11-26 09:15:04'},0);
INSERT INTO iq_holidays_per_unit (iq_holidays_per_unit_id,iq_unit_mstr_id,name_of_the_holiday,date,day,from_time,to_time,last_appt_time,created_by,modified_by,created_datetime,modified_datetime,version) VALUES ('2c9180bd51491b3001514921e508001f','2c9180bd51491b300151491fc7630010','fsdf',{d '2015-11-27'},'FRIDAY',{t '09:00:00'},{t '17:00:00'},{t '15:00:00'},'uchealth-user','uchealth-user',{ts '2015-11-27 05:28:57'},{ts '2015-11-27 05:29:06'},1);

# --- !Downs

delete from iq_holidays_per_unit;
delete from iq_nurse_coverage;
delete from iq_unit_hrs_of_operation;
delete from iq_unit_mstr;